,seconds,detected,first_score,time,labeled
0,1,1,0.990114927,0:00:01,1
1,2,1,0.990045011,0:00:02,1
2,3,1,0.989993036,0:00:03,1
3,4,1,0.990031719,0:00:04,1
4,5,1,0.989988744,0:00:05,1
5,6,1,0.990120053,0:00:06,1
6,7,1,0.990058601,0:00:07,1
7,8,1,0.99009192,0:00:08,1
8,9,1,0.99011445,0:00:09,1
9,10,1,0.990133822,0:00:10,1
10,11,1,0.990037322,0:00:11,1
11,12,1,0.990183055,0:00:12,1
12,13,1,0.990198135,0:00:13,1
13,14,1,0.990100324,0:00:14,1
14,15,1,0.990091681,0:00:15,1
15,16,1,0.990059495,0:00:16,1
16,17,1,0.990015566,0:00:17,1
17,18,1,0.990041435,0:00:18,1
18,19,1,0.990125537,0:00:19,1
19,20,1,0.990164578,0:00:20,1
20,21,1,0.989982784,0:00:21,1
21,22,1,0.990031123,0:00:22,1
22,23,0,,0:00:23,
23,24,0,,0:00:24,
24,25,0,,0:00:25,
25,26,0,,0:00:26,
26,27,0,,0:00:27,
27,28,0,,0:00:28,
28,29,0,,0:00:29,
29,30,1,0.942470133,0:00:30,1
30,31,1,0.943402112,0:00:31,1
31,32,1,0.943421185,0:00:32,1
32,33,1,0.952690423,0:00:33,1
33,34,1,0.9369995,0:00:34,1
34,35,1,0.936586142,0:00:35,1
35,36,1,0.937360525,0:00:36,1
36,37,1,0.935878575,0:00:37,1
37,38,1,0.935492933,0:00:38,1
38,39,0,,0:00:39,
39,40,0,,0:00:40,
40,41,0,,0:00:41,
41,42,0,,0:00:42,
42,43,0,,0:00:43,
43,44,0,,0:00:44,
44,45,0,,0:00:45,
45,46,0,,0:00:46,
46,47,0,,0:00:47,
47,48,0,,0:00:48,
48,49,0,,0:00:49,
49,50,0,,0:00:50,
50,51,1,0.878909707,0:00:51,0
51,52,0,,0:00:52,
52,53,0,,0:00:53,
53,54,1,0.849351823,0:00:54,
54,55,1,0.900393784,0:00:55,1
55,56,1,0.960676491,0:00:56,1
56,57,1,0.959700882,0:00:57,1
57,58,1,0.959917665,0:00:58,1
58,59,1,0.960207641,0:00:59,1
59,60,1,0.96017319,0:01:00,1
60,61,1,0.960695446,0:01:01,1
61,62,1,0.960573673,0:01:02,1
62,63,1,0.960299373,0:01:03,1
63,64,0,,0:01:04,
64,65,0,,0:01:05,
65,66,0,,0:01:06,
66,67,0,,0:01:07,
67,68,0,,0:01:08,
68,69,0,,0:01:09,
69,70,0,,0:01:10,
70,71,0,,0:01:11,
71,72,0,,0:01:12,
72,73,0,,0:01:13,
73,74,1,0.946796656,0:01:14,1
74,75,1,0.945857286,0:01:15,1
75,76,1,0.946065009,0:01:16,1
76,77,1,0.946216643,0:01:17,1
77,78,1,0.945993185,0:01:18,1
78,79,1,0.945804119,0:01:19,1
79,80,1,0.946124315,0:01:20,1
80,81,1,0.946498632,0:01:21,1
81,82,0,,0:01:22,
82,83,0,,0:01:23,
83,84,0,,0:01:24,
84,85,0,,0:01:25,
85,86,0,,0:01:26,
86,87,0,,0:01:27,
87,88,0,,0:01:28,
88,89,0,,0:01:29,
89,90,0,,0:01:30,
90,91,0,,0:01:31,
91,92,0,,0:01:32,
92,93,0,,0:01:33,
93,94,0,,0:01:34,
94,95,0,,0:01:35,
95,96,0,,0:01:36,
96,97,0,,0:01:37,
97,98,0,,0:01:38,
98,99,0,,0:01:39,
99,100,0,,0:01:40,
100,101,0,,0:01:41,
101,102,0,,0:01:42,
102,103,0,,0:01:43,
103,104,0,,0:01:44,
104,105,0,,0:01:45,
105,106,0,,0:01:46,
106,107,1,0.808882475,0:01:47,0
107,108,0,,0:01:48,
108,109,0,,0:01:49,
109,110,0,,0:01:50,
110,111,0,,0:01:51,
111,112,0,,0:01:52,
112,113,0,,0:01:53,
113,114,0,,0:01:54,
114,115,0,,0:01:55,
115,116,0,,0:01:56,
116,117,1,0.946835339,0:01:57,1
117,118,1,0.946692467,0:01:58,1
118,119,1,0.945982635,0:01:59,1
119,120,1,0.945785105,0:02:00,1
120,121,1,0.946193576,0:02:01,1
121,122,1,0.946271002,0:02:02,1
122,123,1,0.946570933,0:02:03,1
123,124,1,0.946543157,0:02:04,1
124,125,1,0.945999384,0:02:05,1
125,126,0,,0:02:06,
126,127,0,,0:02:07,
127,128,0,,0:02:08,
128,129,0,,0:02:09,
129,130,0,,0:02:10,
130,131,0,,0:02:11,
131,132,0,,0:02:12,
132,133,0,,0:02:13,
133,134,0,,0:02:14,
134,135,0,,0:02:15,
135,136,0,,0:02:16,
136,137,0,,0:02:17,
137,138,0,,0:02:18,
138,139,0,,0:02:19,
139,140,0,,0:02:20,
140,141,0,,0:02:21,
141,142,0,,0:02:22,
142,143,0,,0:02:23,
143,144,0,,0:02:24,
144,145,0,,0:02:25,
145,146,0,,0:02:26,
146,147,0,,0:02:27,
147,148,0,,0:02:28,
148,149,0,,0:02:29,
149,150,0,,0:02:30,
150,151,0,,0:02:31,
151,152,0,,0:02:32,
152,153,0,,0:02:33,
153,154,0,,0:02:34,
154,155,0,,0:02:35,
155,156,0,,0:02:36,
156,157,0,,0:02:37,
157,158,0,,0:02:38,
158,159,0,,0:02:39,
159,160,0,,0:02:40,
160,161,1,0.947143435,0:02:41,1
161,162,1,0.9470734,0:02:42,1
162,163,1,0.946560144,0:02:43,1
163,164,1,0.953244328,0:02:44,1
164,165,1,0.943187654,0:02:45,1
165,166,1,0.944339454,0:02:46,1
166,167,1,0.944577456,0:02:47,1
167,168,1,0.944156408,0:02:48,1
168,169,0,,0:02:49,
169,170,0,,0:02:50,
170,171,0,,0:02:51,
171,172,1,0.816870749,0:02:52,0
172,173,1,0.821255088,0:02:53,0
173,174,1,0.829989135,0:02:54,0
174,175,1,0.815057874,0:02:55,0
175,176,0,,0:02:56,
176,177,0,,0:02:57,
177,178,0,,0:02:58,
178,179,0,,0:02:59,
179,180,0,,0:03:00,
180,181,0,,0:03:01,
181,182,0,,0:03:02,
182,183,0,,0:03:03,
183,184,1,0.903084755,0:03:04,0
184,185,1,0.835260093,0:03:05,0
185,186,1,0.847491682,0:03:06,0
186,187,1,0.84929961,0:03:07,0
187,188,1,0.837452471,0:03:08,0
188,189,1,0.843735218,0:03:09,0
189,190,0,,0:03:10,
190,191,0,,0:03:11,
191,192,0,,0:03:12,
192,193,0,,0:03:13,
193,194,0,,0:03:14,
194,195,0,,0:03:15,
195,196,0,,0:03:16,
196,197,0,,0:03:17,
197,198,0,,0:03:18,
198,199,0,,0:03:19,
199,200,0,,0:03:20,
200,201,0,,0:03:21,
201,202,0,,0:03:22,
202,203,1,0.848451972,0:03:23,1
203,204,1,0.951940894,0:03:24,1
204,205,1,0.940527916,0:03:25,1
205,206,1,0.941803396,0:03:26,1
206,207,1,0.944323838,0:03:27,1
207,208,1,0.943019032,0:03:28,1
208,209,1,0.942736506,0:03:29,1
209,210,1,0.94238025,0:03:30,1
210,211,1,0.941787302,0:03:31,1
211,212,1,0.940722644,0:03:32,1
212,213,1,0.8002581,0:03:33,1
213,214,1,0.817306757,0:03:34,1
214,215,0,,0:03:35,
215,216,0,,0:03:36,
216,217,1,0.83212626,0:03:37,0
217,218,1,0.807242572,0:03:38,0
218,219,0,,0:03:39,
219,220,1,0.816144466,0:03:40,0
220,221,0,,0:03:41,
221,222,0,,0:03:42,
222,223,0,,0:03:43,
223,224,0,,0:03:44,
224,225,1,0.845104277,0:03:45,0
225,226,1,0.865402102,0:03:46,0
226,227,1,0.838252068,0:03:47,0
227,228,1,0.864719033,0:03:48,0
228,229,1,0.885565877,0:03:49,0
229,230,1,0.875307024,0:03:50,0
230,231,0,,0:03:51,
231,232,0,,0:03:52,
232,233,0,,0:03:53,
233,234,0,,0:03:54,
234,235,0,,0:03:55,
235,236,0,,0:03:56,
236,237,0,,0:03:57,
237,238,0,,0:03:58,
238,239,0,,0:03:59,
239,240,0,,0:04:00,
240,241,1,0.816227853,0:04:01,0
241,242,0,,0:04:02,
242,243,0,,0:04:03,
243,244,0,,0:04:04,
244,245,0,,0:04:05,
245,246,0,,0:04:06,
246,247,0,,0:04:07,
247,248,1,0.953089297,0:04:08,1
248,249,1,0.951853931,0:04:09,1
249,250,1,0.952212214,0:04:10,1
250,251,1,0.946860969,0:04:11,1
251,252,1,0.928019941,0:04:12,1
252,253,1,0.893150985,0:04:13,1
253,254,1,0.941289246,0:04:14,1
254,255,1,0.939555287,0:04:15,1
255,256,1,0.864766061,0:04:16,1
256,257,0,,0:04:17,
257,258,0,,0:04:18,
258,259,0,,0:04:19,
259,260,0,,0:04:20,
260,261,1,0.819672287,0:04:21,0
261,262,0,,0:04:22,
262,263,0,,0:04:23,
263,264,1,0.848587811,0:04:24,0
264,265,0,,0:04:25,
265,266,0,,0:04:26,
266,267,0,,0:04:27,
267,268,1,0.836183429,0:04:28,0
268,269,0,,0:04:29,
269,270,0,,0:04:30,
270,271,0,,0:04:31,
271,272,1,0.842693448,0:04:32,0
272,273,0,,0:04:33,
273,274,0,,0:04:34,
274,275,0,,0:04:35,
275,276,0,,0:04:36,
276,277,0,,0:04:37,
277,278,0,,0:04:38,
278,279,1,0.836769044,0:04:39,0
279,280,0,,0:04:40,
280,281,0,,0:04:41,
281,282,1,0.801770031,0:04:42,0
282,283,0,,0:04:43,
283,284,0,,0:04:44,
284,285,0,,0:04:45,
285,286,0,,0:04:46,
286,287,0,,0:04:47,
287,288,0,,0:04:48,
288,289,0,,0:04:49,
289,290,0,,0:04:50,
290,291,1,0.941819131,0:04:51,1
291,292,1,0.921875298,0:04:52,1
292,293,1,0.94537878,0:04:53,1
293,294,1,0.941730201,0:04:54,1
294,295,1,0.933784187,0:04:55,1
295,296,1,0.946843266,0:04:56,1
296,297,1,0.931757569,0:04:57,1
297,298,1,0.896773458,0:04:58,1
298,299,1,0.930257916,0:04:59,1
299,300,0,,0:05:00,
300,301,0,,0:05:01,
301,302,0,,0:05:02,
302,303,1,0.881289244,0:05:03,0
303,304,1,0.903378189,0:05:04,0
304,305,0,,0:05:05,
305,306,0,,0:05:06,
306,307,0,,0:05:07,
307,308,0,,0:05:08,
308,309,1,0.845250309,0:05:09,0
309,310,1,0.815808117,0:05:10,0
310,311,0,,0:05:11,
311,312,0,,0:05:12,
312,313,0,,0:05:13,
313,314,0,,0:05:14,
314,315,0,,0:05:15,
315,316,0,,0:05:16,
316,317,0,,0:05:17,
317,318,0,,0:05:18,
318,319,1,0.82622385,0:05:19,0
319,320,0,,0:05:20,
320,321,0,,0:05:21,
321,322,0,,0:05:22,
322,323,0,,0:05:23,
323,324,0,,0:05:24,
324,325,0,,0:05:25,
325,326,0,,0:05:26,
326,327,0,,0:05:27,
327,328,0,,0:05:28,
328,329,0,,0:05:29,
329,330,0,,0:05:30,
330,331,0,,0:05:31,
331,332,0,,0:05:32,
332,333,0,,0:05:33,
333,334,0,,0:05:34,
334,335,1,0.948097467,0:05:35,1
335,336,1,0.951985717,0:05:36,1
336,337,1,0.950693548,0:05:37,1
337,338,1,0.949643433,0:05:38,1
338,339,1,0.949882805,0:05:39,1
339,340,1,0.939735591,0:05:40,1
340,341,1,0.938459277,0:05:41,1
341,342,1,0.938649654,0:05:42,1
342,343,1,0.801965773,0:05:43,1
343,344,0,,0:05:44,
344,345,0,,0:05:45,
345,346,0,,0:05:46,
346,347,0,,0:05:47,
347,348,0,,0:05:48,
348,349,0,,0:05:49,
349,350,0,,0:05:50,
350,351,0,,0:05:51,
351,352,0,,0:05:52,
352,353,0,,0:05:53,
353,354,0,,0:05:54,
354,355,0,,0:05:55,
355,356,0,,0:05:56,
356,357,0,,0:05:57,
357,358,0,,0:05:58,
358,359,1,0.895748436,0:05:59,0
359,360,0,,0:06:00,
360,361,0,,0:06:01,
361,362,1,0.819182396,0:06:02,0
362,363,1,0.82705605,0:06:03,0
363,364,0,,0:06:04,
364,365,0,,0:06:05,
365,366,0,,0:06:06,
366,367,0,,0:06:07,
367,368,0,,0:06:08,
368,369,0,,0:06:09,
369,370,0,,0:06:10,
370,371,0,,0:06:11,
371,372,0,,0:06:12,
372,373,0,,0:06:13,
373,374,0,,0:06:14,
374,375,0,,0:06:15,
375,376,0,,0:06:16,
376,377,0,,0:06:17,
377,378,1,0.958742321,0:06:18,1
378,379,1,0.959343255,0:06:19,1
379,380,1,0.958680987,0:06:20,1
380,381,1,0.946816444,0:06:21,1
381,382,1,0.948582351,0:06:22,1
382,383,1,0.941253364,0:06:23,1
383,384,1,0.940998256,0:06:24,1
384,385,1,0.941809654,0:06:25,1
385,386,1,0.941020191,0:06:26,1
386,387,0,,0:06:27,
387,388,0,,0:06:28,
388,389,0,,0:06:29,
389,390,0,,0:06:30,
390,391,1,0.819410443,0:06:31,0
391,392,0,,0:06:32,
392,393,0,,0:06:33,
393,394,0,,0:06:34,
394,395,0,,0:06:35,
395,396,0,,0:06:36,
396,397,0,,0:06:37,
397,398,1,0.81836462,0:06:38,0
398,399,1,0.885534465,0:06:39,0
399,400,1,0.88438046,0:06:40,0
400,401,0,,0:06:41,
401,402,1,0.80591172,0:06:42,0
402,403,0,,0:06:43,
403,404,1,0.853208005,0:06:44,0
404,405,0,,0:06:45,
405,406,0,,0:06:46,
406,407,0,,0:06:47,
407,408,1,0.873334289,0:06:48,0
408,409,1,0.837374806,0:06:49,0
409,410,1,0.817574918,0:06:50,0
410,411,0,,0:06:51,
411,412,0,,0:06:52,
412,413,0,,0:06:53,
413,414,0,,0:06:54,
414,415,0,,0:06:55,
415,416,0,,0:06:56,
416,417,0,,0:06:57,
417,418,1,0.827763319,0:06:58,0
418,419,1,0.810780942,0:06:59,0
419,420,1,0.881146014,0:07:00,0
420,421,0,,0:07:01,
421,422,1,0.925105512,0:07:02,1
422,423,1,0.947747946,0:07:03,1
423,424,1,0.948394597,0:07:04,1
424,425,1,0.923309565,0:07:05,1
425,426,1,0.932122648,0:07:06,1
426,427,1,0.949844718,0:07:07,1
427,428,1,0.946624756,0:07:08,1
428,429,1,0.949369073,0:07:09,1
429,430,0,,0:07:10,
430,431,1,0.835978925,0:07:11,0
431,432,0,,0:07:12,
432,433,0,,0:07:13,
433,434,0,,0:07:14,
434,435,0,,0:07:15,
435,436,0,,0:07:16,
436,437,0,,0:07:17,
437,438,0,,0:07:18,
438,439,0,,0:07:19,
439,440,0,,0:07:20,
440,441,0,,0:07:21,
441,442,1,0.87637949,0:07:22,0
442,443,0,,0:07:23,
443,444,0,,0:07:24,
444,445,1,0.800136983,0:07:25,0
445,446,0,,0:07:26,
446,447,0,,0:07:27,
447,448,1,0.838279724,0:07:28,0
448,449,0,,0:07:29,
449,450,0,,0:07:30,
450,451,0,,0:07:31,
451,452,0,,0:07:32,
452,453,0,,0:07:33,
453,454,0,,0:07:34,
454,455,0,,0:07:35,
455,456,0,,0:07:36,
456,457,0,,0:07:37,
457,458,0,,0:07:38,
458,459,0,,0:07:39,
459,460,0,,0:07:40,
460,461,0,,0:07:41,
461,462,0,,0:07:42,
462,463,0,,0:07:43,
463,464,0,,0:07:44,
464,465,1,0.932818592,0:07:45,1
465,466,1,0.919716656,0:07:46,1
466,467,1,0.929570615,0:07:47,1
467,468,1,0.920264959,0:07:48,1
468,469,1,0.922939479,0:07:49,1
469,470,1,0.926745355,0:07:50,1
470,471,1,0.931523561,0:07:51,1
471,472,1,0.915920377,0:07:52,1
472,473,1,0.868293345,0:07:53,1
473,474,0,,0:07:54,
474,475,0,,0:07:55,
475,476,0,,0:07:56,
476,477,0,,0:07:57,
477,478,0,,0:07:58,
478,479,0,,0:07:59,
479,480,0,,0:08:00,
480,481,0,,0:08:01,
481,482,0,,0:08:02,
482,483,0,,0:08:03,
483,484,0,,0:08:04,
484,485,0,,0:08:05,
485,486,0,,0:08:06,
486,487,0,,0:08:07,
487,488,0,,0:08:08,
488,489,0,,0:08:09,
489,490,0,,0:08:10,
490,491,0,,0:08:11,
491,492,0,,0:08:12,
492,493,0,,0:08:13,
493,494,0,,0:08:14,
494,495,1,0.803036511,0:08:15,0
495,496,0,,0:08:16,
496,497,0,,0:08:17,
497,498,0,,0:08:18,
498,499,1,0.879849374,0:08:19,0
499,500,1,0.870662272,0:08:20,0
500,501,1,0.860477448,0:08:21,0
501,502,0,,0:08:22,
502,503,1,0.850948155,0:08:23,0
503,504,0,,0:08:24,
504,505,0,,0:08:25,
505,506,0,,0:08:26,
506,507,0,,0:08:27,
507,508,1,0.851325572,0:08:28,1
508,509,1,0.946487367,0:08:29,1
509,510,1,0.946239471,0:08:30,1
510,511,1,0.947886527,0:08:31,1
511,512,1,0.93866092,0:08:32,1
512,513,1,0.911322594,0:08:33,1
513,514,1,0.887943685,0:08:34,1
514,515,1,0.853821635,0:08:35,1
515,516,1,0.943695545,0:08:36,1
516,517,0,,0:08:37,
517,518,1,0.864103317,0:08:38,0
518,519,0,,0:08:39,
519,520,0,,0:08:40,
520,521,0,,0:08:41,
521,522,0,,0:08:42,
522,523,0,,0:08:43,
523,524,0,,0:08:44,
524,525,0,,0:08:45,
525,526,0,,0:08:46,
526,527,0,,0:08:47,
527,528,0,,0:08:48,
528,529,0,,0:08:49,
529,530,0,,0:08:50,
530,531,0,,0:08:51,
531,532,0,,0:08:52,
532,533,0,,0:08:53,
533,534,0,,0:08:54,
534,535,0,,0:08:55,
535,536,0,,0:08:56,
536,537,0,,0:08:57,
537,538,0,,0:08:58,
538,539,0,,0:08:59,
539,540,0,,0:09:00,
540,541,0,,0:09:01,
541,542,0,,0:09:02,
542,543,0,,0:09:03,
543,544,0,,0:09:04,
544,545,0,,0:09:05,
545,546,0,,0:09:06,
546,547,1,0.815512061,0:09:07,0
547,548,1,0.815426648,0:09:08,0
548,549,1,0.809615552,0:09:09,0
549,550,0,,0:09:10,
550,551,0,,0:09:11,
551,552,1,0.940130115,0:09:12,1
552,553,1,0.939143598,0:09:13,1
553,554,1,0.939182937,0:09:14,1
554,555,1,0.938837826,0:09:15,1
555,556,1,0.938687623,0:09:16,1
556,557,1,0.938908339,0:09:17,1
557,558,1,0.943276703,0:09:18,1
558,559,1,0.953184485,0:09:19,1
559,560,1,0.952521801,0:09:20,1
560,561,1,0.855777562,0:09:21,0
561,562,1,0.823113739,0:09:22,0
562,563,0,,0:09:23,
563,564,0,,0:09:24,
564,565,0,,0:09:25,
565,566,0,,0:09:26,
566,567,1,0.989987671,0:09:27,1
567,568,1,0.989941537,0:09:28,1
568,569,1,0.989903808,0:09:29,1
569,570,1,0.990069449,0:09:30,1
570,571,1,0.990019798,0:09:31,1
571,572,1,0.990109444,0:09:32,1
572,573,0,,0:09:33,
573,574,1,0.989968956,0:09:34,1
574,575,1,0.990147412,0:09:35,1
575,576,1,0.823753893,0:09:36,1
576,577,0,,0:09:37,
577,578,0,,0:09:38,
578,579,0,,0:09:39,
579,580,0,,0:09:40,
580,581,1,0.85834682,0:09:41,0
581,582,1,0.855922043,0:09:42,0
582,583,1,0.849230587,0:09:43,0
583,584,0,,0:09:44,
584,585,0,,0:09:45,
585,586,0,,0:09:46,
586,587,0,,0:09:47,
587,588,0,,0:09:48,
588,589,1,0.880743384,0:09:49,0
589,590,0,,0:09:50,
590,591,0,,0:09:51,
591,592,0,,0:09:52,
592,593,0,,0:09:53,
593,594,0,,0:09:54,
594,595,0,,0:09:55,
595,596,1,0.95238924,0:09:56,1
596,597,1,0.954489887,0:09:57,1
597,598,1,0.955011249,0:09:58,1
598,599,1,0.952439189,0:09:59,1
599,600,1,0.925106525,0:10:00,1
600,601,1,0.933276892,0:10:01,1
601,602,1,0.920763254,0:10:02,1
602,603,1,0.921803057,0:10:03,1
603,604,0,,0:10:04,
604,605,0,,0:10:05,
605,606,0,,0:10:06,
606,607,0,,0:10:07,
607,608,0,,0:10:08,
608,609,0,,0:10:09,
609,610,0,,0:10:10,
610,611,0,,0:10:11,
611,612,0,,0:10:12,
612,613,0,,0:10:13,
613,614,0,,0:10:14,
614,615,0,,0:10:15,
615,616,0,,0:10:16,
616,617,0,,0:10:17,
617,618,0,,0:10:18,
618,619,0,,0:10:19,
619,620,0,,0:10:20,
620,621,0,,0:10:21,
621,622,0,,0:10:22,
622,623,0,,0:10:23,
623,624,0,,0:10:24,
624,625,0,,0:10:25,
625,626,0,,0:10:26,
626,627,0,,0:10:27,
627,628,0,,0:10:28,
628,629,0,,0:10:29,
629,630,0,,0:10:30,
630,631,0,,0:10:31,
631,632,0,,0:10:32,
632,633,0,,0:10:33,
633,634,0,,0:10:34,
634,635,0,,0:10:35,
635,636,0,,0:10:36,
636,637,0,,0:10:37,
637,638,0,,0:10:38,
638,639,1,0.931451261,0:10:39,1
639,640,1,0.9204247,0:10:40,1
640,641,1,0.948329806,0:10:41,1
641,642,1,0.918983161,0:10:42,1
642,643,1,0.958680391,0:10:43,1
643,644,1,0.923811376,0:10:44,1
644,645,1,0.922405779,0:10:45,1
645,646,1,0.923570991,0:10:46,1
646,647,1,0.932107866,0:10:47,1
647,648,0,,0:10:48,
648,649,0,,0:10:49,
649,650,0,,0:10:50,
650,651,0,,0:10:51,
651,652,0,,0:10:52,
652,653,0,,0:10:53,
653,654,0,,0:10:54,
654,655,0,,0:10:55,
655,656,0,,0:10:56,
656,657,0,,0:10:57,
657,658,0,,0:10:58,
658,659,0,,0:10:59,
659,660,0,,0:11:00,
660,661,0,,0:11:01,
661,662,0,,0:11:02,
662,663,0,,0:11:03,
663,664,0,,0:11:04,
664,665,0,,0:11:05,
665,666,0,,0:11:06,
666,667,1,0.800461173,0:11:07,0
667,668,0,,0:11:08,
668,669,0,,0:11:09,
669,670,1,0.807411075,0:11:10,0
670,671,0,,0:11:11,
671,672,0,,0:11:12,
672,673,1,0.833251774,0:11:13,0
673,674,1,0.854449213,0:11:14,0
674,675,0,,0:11:15,
675,676,0,,0:11:16,
676,677,0,,0:11:17,
677,678,0,,0:11:18,
678,679,0,,0:11:19,
679,680,0,,0:11:20,
680,681,0,,0:11:21,
681,682,1,0.813317418,0:11:22,1
682,683,1,0.939279854,0:11:23,1
683,684,1,0.940204084,0:11:24,1
684,685,1,0.938257575,0:11:25,1
685,686,1,0.937995672,0:11:26,1
686,687,1,0.938170969,0:11:27,1
687,688,1,0.934607387,0:11:28,1
688,689,1,0.935445428,0:11:29,1
689,690,1,0.935286403,0:11:30,1
690,691,0,,0:11:31,
691,692,0,,0:11:32,
692,693,0,,0:11:33,
693,694,0,,0:11:34,
694,695,0,,0:11:35,
695,696,0,,0:11:36,
696,697,0,,0:11:37,
697,698,0,,0:11:38,
698,699,0,,0:11:39,
699,700,0,,0:11:40,
700,701,0,,0:11:41,
701,702,0,,0:11:42,
702,703,0,,0:11:43,
703,704,0,,0:11:44,
704,705,0,,0:11:45,
705,706,0,,0:11:46,
706,707,0,,0:11:47,
707,708,0,,0:11:48,
708,709,0,,0:11:49,
709,710,0,,0:11:50,
710,711,0,,0:11:51,
711,712,0,,0:11:52,
712,713,0,,0:11:53,
713,714,0,,0:11:54,
714,715,0,,0:11:55,
715,716,0,,0:11:56,
716,717,0,,0:11:57,
717,718,0,,0:11:58,
718,719,0,,0:11:59,
719,720,0,,0:12:00,
720,721,0,,0:12:01,
721,722,0,,0:12:02,
722,723,1,0.8360551,0:12:03,0
723,724,0,,0:12:04,
724,725,0,,0:12:05,
725,726,1,0.917789578,0:12:06,1
726,727,1,0.930202723,0:12:07,1
727,728,1,0.921772063,0:12:08,1
728,729,1,0.930506468,0:12:09,1
729,730,1,0.922862947,0:12:10,1
730,731,1,0.921880186,0:12:11,1
731,732,1,0.935409248,0:12:12,1
732,733,1,0.92100352,0:12:13,1
733,734,1,0.920019686,0:12:14,1
734,735,0,,0:12:15,
735,736,0,,0:12:16,
736,737,0,,0:12:17,
737,738,0,,0:12:18,
738,739,0,,0:12:19,
739,740,0,,0:12:20,
740,741,1,0.864511788,0:12:21,0
741,742,0,,0:12:22,
742,743,0,,0:12:23,
743,744,0,,0:12:24,
744,745,0,,0:12:25,
745,746,0,,0:12:26,
746,747,0,,0:12:27,
747,748,0,,0:12:28,
748,749,0,,0:12:29,
749,750,0,,0:12:30,
750,751,0,,0:12:31,
751,752,0,,0:12:32,
752,753,0,,0:12:33,
753,754,0,,0:12:34,
754,755,0,,0:12:35,
755,756,0,,0:12:36,
756,757,0,,0:12:37,
757,758,0,,0:12:38,
758,759,0,,0:12:39,
759,760,0,,0:12:40,
760,761,0,,0:12:41,
761,762,0,,0:12:42,
762,763,0,,0:12:43,
763,764,0,,0:12:44,
764,765,0,,0:12:45,
765,766,0,,0:12:46,
766,767,0,,0:12:47,
767,768,0,,0:12:48,
768,769,1,0.829044521,0:12:49,1
769,770,1,0.929480612,0:12:50,1
770,771,1,0.922487855,0:12:51,1
771,772,1,0.928405106,0:12:52,1
772,773,1,0.920333087,0:12:53,1
773,774,1,0.922795117,0:12:54,1
774,775,1,0.921515405,0:12:55,1
775,776,1,0.932144642,0:12:56,1
776,777,1,0.922847509,0:12:57,1
777,778,0,,0:12:58,
778,779,0,,0:12:59,
779,780,0,,0:13:00,
780,781,0,,0:13:01,
781,782,0,,0:13:02,
782,783,0,,0:13:03,
783,784,0,,0:13:04,
784,785,0,,0:13:05,
785,786,0,,0:13:06,
786,787,0,,0:13:07,
787,788,0,,0:13:08,
788,789,0,,0:13:09,
789,790,0,,0:13:10,
790,791,0,,0:13:11,
791,792,0,,0:13:12,
792,793,0,,0:13:13,
793,794,0,,0:13:14,
794,795,1,0.839223862,0:13:15,0
795,796,0,,0:13:16,
796,797,0,,0:13:17,
797,798,0,,0:13:18,
798,799,0,,0:13:19,
799,800,1,0.813656151,0:13:20,0
800,801,1,0.833436608,0:13:21,0
801,802,0,,0:13:22,
802,803,0,,0:13:23,
803,804,0,,0:13:24,
804,805,0,,0:13:25,
805,806,0,,0:13:26,
806,807,0,,0:13:27,
807,808,0,,0:13:28,
808,809,1,0.847527027,0:13:29,0
809,810,0,,0:13:30,
810,811,0,,0:13:31,
811,812,0,,0:13:32,
812,813,1,0.943541765,0:13:33,1
813,814,1,0.944348276,0:13:34,1
814,815,1,0.946650267,0:13:35,1
815,816,1,0.943666577,0:13:36,1
816,817,1,0.945871472,0:13:37,1
817,818,1,0.93965286,0:13:38,1
818,819,1,0.942475438,0:13:39,1
819,820,1,0.941203415,0:13:40,1
820,821,1,0.945584774,0:13:41,1
821,822,0,,0:13:42,
822,823,1,0.85978502,0:13:43,0
823,824,1,0.850913882,0:13:44,0
824,825,1,0.846155763,0:13:45,0
825,826,0,,0:13:46,
826,827,0,,0:13:47,
827,828,0,,0:13:48,
828,829,0,,0:13:49,
829,830,0,,0:13:50,
830,831,0,,0:13:51,
831,832,0,,0:13:52,
832,833,1,0.867335498,0:13:53,0
833,834,0,,0:13:54,
834,835,0,,0:13:55,
835,836,0,,0:13:56,
836,837,0,,0:13:57,
837,838,0,,0:13:58,
838,839,0,,0:13:59,
839,840,0,,0:14:00,
840,841,1,0.840563178,0:14:01,0
841,842,0,,0:14:02,
842,843,0,,0:14:03,
843,844,0,,0:14:04,
844,845,0,,0:14:05,
845,846,0,,0:14:06,
846,847,0,,0:14:07,
847,848,0,,0:14:08,
848,849,1,0.84305048,0:14:09,0
849,850,0,,0:14:10,
850,851,0,,0:14:11,
851,852,0,,0:14:12,
852,853,0,,0:14:13,
853,854,0,,0:14:14,
854,855,0,,0:14:15,
855,856,0,,0:14:16,
856,857,1,0.94488281,0:14:17,1
857,858,1,0.940075338,0:14:18,1
858,859,1,0.943293691,0:14:19,1
859,860,1,0.941320419,0:14:20,1
860,861,1,0.9446491,0:14:21,1
861,862,1,0.944471002,0:14:22,1
862,863,1,0.946660936,0:14:23,1
863,864,1,0.9429878,0:14:24,1
864,865,0,,0:14:25,
865,866,0,,0:14:26,
866,867,0,,0:14:27,
867,868,0,,0:14:28,
868,869,0,,0:14:29,
869,870,0,,0:14:30,
870,871,1,0.833954155,0:14:31,0
871,872,1,0.83590889,0:14:32,0
872,873,1,0.886639476,0:14:33,0
873,874,1,0.830015957,0:14:34,0
874,875,1,0.827781379,0:14:35,0
875,876,0,,0:14:36,
876,877,0,,0:14:37,
877,878,0,,0:14:38,
878,879,0,,0:14:39,
879,880,0,,0:14:40,
880,881,1,0.810978472,0:14:41,0
881,882,0,,0:14:42,
882,883,0,,0:14:43,
883,884,0,,0:14:44,
884,885,0,,0:14:45,
885,886,0,,0:14:46,
886,887,1,0.899409711,0:14:47,0
887,888,0,,0:14:48,
888,889,0,,0:14:49,
889,890,0,,0:14:50,
890,891,0,,0:14:51,
891,892,1,0.864854336,0:14:52,0
892,893,0,,0:14:53,
893,894,0,,0:14:54,
894,895,0,,0:14:55,
895,896,0,,0:14:56,
896,897,0,,0:14:57,
897,898,0,,0:14:58,
898,899,0,,0:14:59,
899,900,1,0.961139798,0:15:00,1
900,901,1,0.961386323,0:15:01,1
901,902,1,0.959372699,0:15:02,1
902,903,1,0.95980978,0:15:03,1
903,904,1,0.961020887,0:15:04,1
904,905,1,0.961421013,0:15:05,1
905,906,1,0.960753381,0:15:06,1
906,907,1,0.960105181,0:15:07,1
907,908,1,0.959426224,0:15:08,1
908,909,0,,0:15:09,
909,910,0,,0:15:10,
910,911,0,,0:15:11,
911,912,0,,0:15:12,
912,913,0,,0:15:13,
913,914,0,,0:15:14,
914,915,0,,0:15:15,
915,916,0,,0:15:16,
916,917,0,,0:15:17,
917,918,0,,0:15:18,
918,919,0,,0:15:19,
919,920,0,,0:15:20,
920,921,1,0.886295795,0:15:21,0
921,922,1,0.866826534,0:15:22,0
922,923,0,,0:15:23,
923,924,1,0.824079156,0:15:24,0
924,925,0,,0:15:25,
925,926,0,,0:15:26,
926,927,0,,0:15:27,
927,928,0,,0:15:28,
928,929,0,,0:15:29,
929,930,1,0.820231378,0:15:30,0
930,931,0,,0:15:31,
931,932,0,,0:15:32,
932,933,0,,0:15:33,
933,934,0,,0:15:34,
934,935,0,,0:15:35,
935,936,0,,0:15:36,
936,937,0,,0:15:37,
937,938,1,0.817014098,0:15:38,0
938,939,0,,0:15:39,
939,940,0,,0:15:40,
940,941,0,,0:15:41,
941,942,0,,0:15:42,
942,943,1,0.840925276,0:15:43,0
943,944,1,0.946697056,0:15:44,1
944,945,1,0.943383098,0:15:45,1
945,946,1,0.94367826,0:15:46,1
946,947,1,0.940438271,0:15:47,1
947,948,1,0.944135189,0:15:48,1
948,949,1,0.942611814,0:15:49,1
949,950,1,0.944961786,0:15:50,1
950,951,1,0.945577323,0:15:51,1
951,952,0,,0:15:52,
952,953,0,,0:15:53,
953,954,1,0.841545761,0:15:54,0
954,955,0,,0:15:55,
955,956,0,,0:15:56,
956,957,0,,0:15:57,
957,958,0,,0:15:58,
958,959,0,,0:15:59,
959,960,0,,0:16:00,
960,961,0,,0:16:01,
961,962,0,,0:16:02,
962,963,0,,0:16:03,
963,964,0,,0:16:04,
964,965,0,,0:16:05,
965,966,0,,0:16:06,
966,967,0,,0:16:07,
967,968,0,,0:16:08,
968,969,0,,0:16:09,
969,970,0,,0:16:10,
970,971,0,,0:16:11,
971,972,0,,0:16:12,
972,973,0,,0:16:13,
973,974,0,,0:16:14,
974,975,0,,0:16:15,
975,976,0,,0:16:16,
976,977,0,,0:16:17,
977,978,1,0.80688858,0:16:18,0
978,979,1,0.803679943,0:16:19,0
979,980,1,0.896819174,0:16:20,0
980,981,0,,0:16:21,
981,982,0,,0:16:22,
982,983,0,,0:16:23,
983,984,1,0.804603457,0:16:24,0
984,985,0,,0:16:25,
985,986,0,,0:16:26,
986,987,0,,0:16:27,
987,988,0,,0:16:28,
988,989,1,0.816964447,0:16:29,0
989,990,0,,0:16:30,
990,991,1,0.884662449,0:16:31,0
991,992,0,,0:16:32,
992,993,0,,0:16:33,
993,994,0,,0:16:34,
994,995,0,,0:16:35,
995,996,,,0:16:36,
996,997,,,0:16:37,
997,998,,,0:16:38,
998,999,,,0:16:39,
999,1000,,,0:16:40,
1000,1001,,,0:16:41,
1001,1002,,,0:16:42,
1002,1003,,,0:16:43,
1003,1004,,,0:16:44,
1004,1005,,,0:16:45,
1005,1006,,,0:16:46,
1006,1007,,,0:16:47,
1007,1008,,,0:16:48,
1008,1009,,,0:16:49,
1009,1010,,,0:16:50,
1010,1011,,,0:16:51,
1011,1012,,,0:16:52,
1012,1013,,,0:16:53,
1013,1014,,,0:16:54,
1014,1015,,,0:16:55,
1015,1016,,,0:16:56,
1016,996,1,0.921463251,0:16:57,1
1017,997,1,0.909925342,0:16:58,1
1018,998,1,0.870849013,0:16:59,1
1019,999,1,0.825405061,0:17:00,1
1020,1000,1,0.827181518,0:17:01,1
1021,1001,1,0.938276947,0:17:02,1
1022,1002,1,0.926631331,0:17:03,1
1023,1003,1,0.921834767,0:17:04,1
1024,1004,0,,0:17:05,
1025,1005,0,,0:17:06,
1026,1006,0,,0:17:07,
1027,1007,0,,0:17:08,
1028,1008,0,,0:17:09,
1029,1009,1,0.827106476,0:17:10,0
1030,1010,0,,0:17:11,
1031,1011,0,,0:17:12,
1032,1012,0,,0:17:13,
1033,1013,0,,0:17:14,
1034,1014,1,0.89299649,0:17:15,0
1035,1015,0,,0:17:16,
1036,1016,0,,0:17:17,
1037,1017,0,,0:17:18,
1038,1018,0,,0:17:19,
1039,1019,0,,0:17:20,
1040,1020,0,,0:17:21,
1041,1021,0,,0:17:22,
1042,1022,1,0.814772844,0:17:23,0
1043,1023,1,0.85707289,0:17:24,0
1044,1024,0,,0:17:25,
1045,1025,0,,0:17:26,
1046,1026,0,,0:17:27,
1047,1027,0,,0:17:28,
1048,1028,0,,0:17:29,
1049,1029,1,0.815629065,0:17:30,0
1050,1030,1,0.802826285,0:17:31,0
1051,1031,0,,0:17:32,
1052,,,,0:17:33,
1053,,,,0:17:34,
1054,,,,0:17:35,
1055,,,,0:17:36,
1056,,,,0:17:37,
1057,1032,1,0.902421534,0:17:38,1
1058,1033,1,0.913014591,0:17:39,1
1059,1034,1,0.916280568,0:17:40,1
1060,1035,1,0.918879271,0:17:41,1
1061,1036,1,0.921433687,0:17:42,1
1062,1037,1,0.914974034,0:17:43,1
1063,1038,1,0.953658819,0:17:44,1
1064,1039,1,0.900023341,0:17:45,1
1065,1040,1,0.830667257,0:17:46,0
1066,1041,1,0.80250144,0:17:47,0
1067,1042,0,,0:17:48,
1068,1043,0,,0:17:49,
1069,1044,1,0.929560959,0:17:50,0
1070,1045,0,,0:17:51,
1071,1046,0,,0:17:52,
1072,1047,0,,0:17:53,
1073,1048,0,,0:17:54,
1074,1049,0,,0:17:55,
1075,1050,0,,0:17:56,
1076,1051,0,,0:17:57,
1077,1052,0,,0:17:58,
1078,1053,0,,0:17:59,
1079,1054,0,,0:18:00,
1080,1055,0,,0:18:01,
1081,1056,0,,0:18:02,
1082,1057,0,,0:18:03,
1083,1058,0,,0:18:04,
1084,1059,0,,0:18:05,
1085,1060,0,,0:18:06,
1086,1061,0,,0:18:07,
1087,1062,0,,0:18:08,
1088,1063,1,0.933259845,0:18:09,0
1089,1064,0,,0:18:10,
1090,1065,0,,0:18:11,
1091,1066,0,,0:18:12,
1092,1067,0,,0:18:13,
1093,1068,0,,0:18:14,
1094,1069,0,,0:18:15,
1095,1070,0,,0:18:16,
1096,1071,0,,0:18:17,
1097,1072,0,,0:18:18,
1098,1073,0,,0:18:19,
1099,1074,0,,0:18:20,
1100,1075,1,0.93810612,0:18:21,1
1101,1076,1,0.93783921,0:18:22,1
1102,1077,1,0.93757695,0:18:23,1
1103,1078,1,0.937596977,0:18:24,1
1104,1079,1,0.937292457,0:18:25,1
1105,1080,1,0.937390983,0:18:26,1
1106,1081,1,0.93771708,0:18:27,1
1107,1082,1,0.937205553,0:18:28,1
1108,1083,1,0.939000607,0:18:29,1
1109,1084,0,,0:18:30,
1110,1085,0,,0:18:31,
1111,1086,0,,0:18:32,
1112,1087,0,,0:18:33,
1113,1088,0,,0:18:34,
1114,1089,0,,0:18:35,
1115,1090,0,,0:18:36,
1116,1091,0,,0:18:37,
1117,1092,0,,0:18:38,
1118,1093,0,,0:18:39,
1119,1094,0,,0:18:40,
1120,1095,0,,0:18:41,
1121,1096,0,,0:18:42,
1122,1097,0,,0:18:43,
1123,1098,0,,0:18:44,
1124,1099,0,,0:18:45,
1125,1100,0,,0:18:46,
1126,1101,0,,0:18:47,
1127,1102,0,,0:18:48,
1128,1103,0,,0:18:49,
1129,1104,0,,0:18:50,
1130,1105,0,,0:18:51,
1131,1106,0,,0:18:52,
1132,1107,0,,0:18:53,
1133,1108,0,,0:18:54,
1134,1109,0,,0:18:55,
1135,1110,0,,0:18:56,
1136,1111,0,,0:18:57,
1137,1112,0,,0:18:58,
1138,1113,0,,0:18:59,
1139,1114,1,0.816945791,0:19:00,0
1140,1115,0,,0:19:01,
1141,1116,0,,0:19:02,
1142,1117,0,,0:19:03,
1143,1118,1,0.864149332,0:19:04,1
1144,1119,1,0.943400741,0:19:05,1
1145,1120,1,0.939797699,0:19:06,1
1146,1121,1,0.942826331,0:19:07,1
1147,1122,1,0.940698028,0:19:08,1
1148,1123,1,0.942377567,0:19:09,1
1149,1124,1,0.941842616,0:19:10,1
1150,1125,1,0.947854161,0:19:11,1
1151,1126,1,0.945441484,0:19:12,1
1152,1127,1,0.875329494,0:19:13,1
1153,1128,1,0.851550341,0:19:14,0
1154,1129,1,0.862917006,0:19:15,0
1155,1130,1,0.830534995,0:19:16,0
1156,1131,1,0.805374682,0:19:17,0
1157,1132,0,,0:19:18,
1158,1133,0,,0:19:19,
1159,1134,1,0.813342273,0:19:20,0
1160,1135,1,0.890485048,0:19:21,0
1161,1136,1,0.839923203,0:19:22,0
1162,1137,1,0.861213267,0:19:23,0
1163,1138,1,0.835785091,0:19:24,0
1164,1139,1,0.827311695,0:19:25,0
1165,1140,0,,0:19:26,
1166,1141,0,,0:19:27,
1167,1142,1,0.838862836,0:19:28,0
1168,1143,1,0.890512764,0:19:29,0
1169,1144,1,0.856849611,0:19:30,0
1170,1145,1,0.8678388,0:19:31,0
1171,1146,1,0.850015581,0:19:32,0
1172,1147,1,0.803501129,0:19:33,0
1173,1148,0,,0:19:34,
1174,1149,0,,0:19:35,
1175,1150,1,0.843891978,0:19:36,0
1176,1151,1,0.885616302,0:19:37,0
1177,1152,1,0.858563185,0:19:38,0
1178,1153,1,0.855083704,0:19:39,0
1179,1154,1,0.827854455,0:19:40,0
1180,1155,1,0.812186778,0:19:41,0
1181,1156,0,,0:19:42,
1182,1157,0,,0:19:43,
1183,1158,1,0.836765528,0:19:44,0
1184,1159,1,0.886375487,0:19:45,0
1185,1160,1,0.860442698,0:19:46,0
1186,1161,1,0.857736051,0:19:47,0
1187,1162,1,0.941518605,0:19:48,1
1188,1163,1,0.942292988,0:19:49,1
1189,1164,1,0.943809688,0:19:50,1
1190,1165,1,0.946643233,0:19:51,1
1191,1166,1,0.946266592,0:19:52,1
1192,1167,1,0.944627404,0:19:53,1
1193,1168,1,0.940228939,0:19:54,1
1194,1169,1,0.942303896,0:19:55,1
1195,1170,1,0.943003058,0:19:56,1
1196,1171,1,0.823172152,0:19:57,0
1197,1172,0,,0:19:58,
1198,1173,0,,0:19:59,
1199,1174,0,,0:20:00,
1200,1175,0,,0:20:01,
1201,1176,0,,0:20:02,
1202,1177,0,,0:20:03,
1203,1178,0,,0:20:04,
1204,1179,0,,0:20:05,
1205,1180,0,,0:20:06,
1206,1181,0,,0:20:07,
1207,1182,0,,0:20:08,
1208,1183,0,,0:20:09,
1209,1184,0,,0:20:10,
1210,1185,0,,0:20:11,
1211,1186,0,,0:20:12,
1212,1187,0,,0:20:13,
1213,1188,0,,0:20:14,
1214,1189,0,,0:20:15,
1215,1190,0,,0:20:16,
1216,1191,0,,0:20:17,
1217,1192,0,,0:20:18,
1218,1193,0,,0:20:19,
1219,1194,0,,0:20:20,
1220,1195,0,,0:20:21,
1221,1196,0,,0:20:22,
1222,1197,0,,0:20:23,
1223,1198,0,,0:20:24,
1224,1199,0,,0:20:25,
1225,1200,0,,0:20:26,
1226,1201,0,,0:20:27,
1227,1202,0,,0:20:28,
1228,1203,0,,0:20:29,
1229,1204,0,,0:20:30,
1230,1205,1,0.844924033,0:20:31,1
1231,1206,1,0.938427389,0:20:32,1
1232,1207,1,0.937723815,0:20:33,1
1233,1208,1,0.93717128,0:20:34,1
1234,1209,1,0.937599182,0:20:35,1
1235,1210,1,0.936794221,0:20:36,1
1236,1211,1,0.936941445,0:20:37,1
1237,1212,1,0.937418997,0:20:38,1
1238,1213,1,0.937500238,0:20:39,1
1239,1214,0,,0:20:40,
1240,1215,0,,0:20:41,
1241,1216,0,,0:20:42,
1242,1217,0,,0:20:43,
1243,1218,0,,0:20:44,
1244,1219,0,,0:20:45,
1245,1220,0,,0:20:46,
1246,1221,0,,0:20:47,
1247,1222,0,,0:20:48,
1248,1223,0,,0:20:49,
1249,1224,0,,0:20:50,
1250,1225,0,,0:20:51,
1251,1226,0,,0:20:52,
1252,1227,0,,0:20:53,
1253,1228,0,,0:20:54,
1254,1229,0,,0:20:55,
1255,1230,0,,0:20:56,
1256,1231,0,,0:20:57,
1257,1232,0,,0:20:58,
1258,1233,0,,0:20:59,
1259,1234,0,,0:21:00,
1260,1235,0,,0:21:01,
1261,1236,0,,0:21:02,
1262,1237,0,,0:21:03,
1263,1238,0,,0:21:04,
1264,1239,0,,0:21:05,
1265,1240,0,,0:21:06,
1266,1241,0,,0:21:07,
1267,1242,0,,0:21:08,
1268,1243,0,,0:21:09,
1269,1244,0,,0:21:10,
1270,1245,0,,0:21:11,
1271,1246,0,,0:21:12,
1272,1247,0,,0:21:13,
1273,1248,0,,0:21:14,
1274,1249,1,0.937492907,0:21:15,1
1275,1250,1,0.936678946,0:21:16,1
1276,1251,1,0.938212872,0:21:17,1
1277,1252,1,0.937071741,0:21:18,1
1278,1253,1,0.937177539,0:21:19,1
1279,1254,1,0.9371472,0:21:20,1
1280,1255,1,0.936913073,0:21:21,1
1281,1256,1,0.937117875,0:21:22,1
1282,1257,1,0.940746367,0:21:23,1
1283,1258,0,,0:21:24,
1284,1259,0,,0:21:25,
1285,1260,0,,0:21:26,
1286,1261,0,,0:21:27,
1287,1262,0,,0:21:28,
1288,1263,0,,0:21:29,
1289,1264,0,,0:21:30,
1290,1265,0,,0:21:31,
1291,1266,0,,0:21:32,
1292,1267,0,,0:21:33,
1293,1268,0,,0:21:34,
1294,1269,0,,0:21:35,
1295,1270,0,,0:21:36,
1296,1271,0,,0:21:37,
1297,1272,0,,0:21:38,
1298,1273,0,,0:21:39,
1299,1274,0,,0:21:40,
1300,1275,0,,0:21:41,
1301,1276,0,,0:21:42,
1302,1277,0,,0:21:43,
1303,1278,0,,0:21:44,
1304,1279,0,,0:21:45,
1305,1280,0,,0:21:46,
1306,1281,0,,0:21:47,
1307,1282,0,,0:21:48,
1308,1283,0,,0:21:49,
1309,1284,0,,0:21:50,
1310,1285,0,,0:21:51,
1311,1286,0,,0:21:52,
1312,1287,0,,0:21:53,
1313,1288,0,,0:21:54,
1314,1289,0,,0:21:55,
1315,1290,0,,0:21:56,
1316,1291,0,,0:21:57,
1317,1292,1,0.852248847,0:21:58,
1318,1293,1,0.93892926,0:21:59,1
1319,1294,1,0.937456369,0:22:00,1
1320,1295,1,0.93780911,0:22:01,1
1321,1296,1,0.937150061,0:22:02,1
1322,1297,1,0.937979102,0:22:03,1
1323,1298,1,0.937665224,0:22:04,1
1324,1299,1,0.937752128,0:22:05,1
1325,1300,1,0.937162817,0:22:06,1
1326,1301,0,,0:22:07,
1327,1302,0,,0:22:08,
1328,1303,0,,0:22:09,
1329,1304,0,,0:22:10,
1330,1305,0,,0:22:11,
1331,1306,0,,0:22:12,
1332,1307,0,,0:22:13,
1333,1308,0,,0:22:14,
1334,1309,0,,0:22:15,
1335,1310,0,,0:22:16,
1336,1311,0,,0:22:17,
1337,1312,0,,0:22:18,
1338,1313,0,,0:22:19,
1339,1314,0,,0:22:20,
1340,1315,0,,0:22:21,
1341,1316,0,,0:22:22,
1342,1317,0,,0:22:23,
1343,1318,0,,0:22:24,
1344,1319,0,,0:22:25,
1345,1320,0,,0:22:26,
1346,1321,0,,0:22:27,
1347,1322,0,,0:22:28,
1348,1323,0,,0:22:29,
1349,1324,0,,0:22:30,
1350,1325,0,,0:22:31,
1351,1326,0,,0:22:32,
1352,1327,0,,0:22:33,
1353,1328,0,,0:22:34,
1354,1329,0,,0:22:35,
1355,1330,0,,0:22:36,
1356,1331,0,,0:22:37,
1357,1332,0,,0:22:38,
1358,1333,0,,0:22:39,
1359,1334,0,,0:22:40,
1360,1335,0,,0:22:41,
1361,1336,1,0.93748349,0:22:42,1
1362,1337,1,0.936980009,0:22:43,1
1363,1338,1,0.936921656,0:22:44,1
1364,1339,1,0.936735213,0:22:45,1
1365,1340,1,0.938131511,0:22:46,1
1366,1341,1,0.937837362,0:22:47,1
1367,1342,1,0.937036872,0:22:48,1
1368,1343,1,0.937830746,0:22:49,1
1369,1344,1,0.940009475,0:22:50,1
1370,1345,0,,0:22:51,
1371,1346,0,,0:22:52,
1372,1347,0,,0:22:53,
1373,1348,0,,0:22:54,
1374,1349,0,,0:22:55,
1375,1350,0,,0:22:56,
1376,1351,0,,0:22:57,
1377,1352,0,,0:22:58,
1378,1353,0,,0:22:59,
1379,1354,0,,0:23:00,
1380,1355,0,,0:23:01,
1381,1356,0,,0:23:02,
1382,1357,0,,0:23:03,
1383,1358,0,,0:23:04,
1384,1359,0,,0:23:05,
1385,1360,0,,0:23:06,
1386,1361,0,,0:23:07,
1387,1362,0,,0:23:08,
1388,1363,0,,0:23:09,
1389,1364,0,,0:23:10,
1390,1365,0,,0:23:11,
1391,1366,0,,0:23:12,
1392,1367,0,,0:23:13,
1393,1368,0,,0:23:14,
1394,1369,0,,0:23:15,
1395,1370,0,,0:23:16,
1396,1371,0,,0:23:17,
1397,1372,0,,0:23:18,
1398,1373,0,,0:23:19,
1399,1374,0,,0:23:20,
1400,1375,0,,0:23:21,
1401,1376,0,,0:23:22,
1402,1377,0,,0:23:23,
1403,1378,0,,0:23:24,
1404,1379,1,0.851298034,0:23:25,1
1405,1380,1,0.938262463,0:23:26,1
1406,1381,1,0.938184321,0:23:27,1
1407,1382,1,0.936984539,0:23:28,1
1408,1383,1,0.936951339,0:23:29,1
1409,1384,1,0.937205851,0:23:30,1
1410,1385,1,0.937094867,0:23:31,1
1411,1386,1,0.937209189,0:23:32,1
1412,1387,1,0.936812222,0:23:33,1
1413,1388,0,,0:23:34,
1414,1389,0,,0:23:35,
1415,1390,0,,0:23:36,
1416,1391,0,,0:23:37,
1417,1392,0,,0:23:38,
1418,1393,0,,0:23:39,
1419,1394,0,,0:23:40,
1420,1395,0,,0:23:41,
1421,1396,0,,0:23:42,
1422,1397,0,,0:23:43,
1423,1398,0,,0:23:44,
1424,1399,0,,0:23:45,
1425,1400,0,,0:23:46,
1426,1401,0,,0:23:47,
1427,1402,0,,0:23:48,
1428,1403,0,,0:23:49,
1429,1404,0,,0:23:50,
1430,1405,0,,0:23:51,
1431,1406,0,,0:23:52,
1432,1407,0,,0:23:53,
1433,1408,0,,0:23:54,
1434,1409,0,,0:23:55,
1435,1410,0,,0:23:56,
1436,1411,0,,0:23:57,
1437,1412,0,,0:23:58,
1438,1413,0,,0:23:59,
1439,1414,0,,0:24:00,
1440,1415,0,,0:24:01,
1441,1416,0,,0:24:02,
1442,1417,0,,0:24:03,
1443,1418,0,,0:24:04,
1444,1419,0,,0:24:05,
1445,1420,0,,0:24:06,
1446,1421,0,,0:24:07,
1447,1422,0,,0:24:08,
1448,1423,1,0.937191069,0:24:09,1
1449,1424,1,0.93721664,0:24:10,1
1450,1425,1,0.937255919,0:24:11,1
1451,1426,1,0.93809396,0:24:12,1
1452,1427,1,0.93786788,0:24:13,1
1453,1428,1,0.937477231,0:24:14,1
1454,1429,1,0.937728703,0:24:15,1
1455,1430,1,0.937603176,0:24:16,1
1456,1431,1,0.940059006,0:24:17,1
1457,1432,0,,0:24:18,
1458,1433,0,,0:24:19,
1459,1434,0,,0:24:20,
1460,1435,0,,0:24:21,
1461,1436,0,,0:24:22,
1462,1437,0,,0:24:23,
1463,1438,0,,0:24:24,
1464,1439,0,,0:24:25,
1465,1440,0,,0:24:26,
1466,1441,0,,0:24:27,
1467,1442,0,,0:24:28,
1468,1443,0,,0:24:29,
1469,1444,0,,0:24:30,
1470,1445,0,,0:24:31,
1471,1446,0,,0:24:32,
1472,1447,0,,0:24:33,
1473,1448,0,,0:24:34,
1474,1449,0,,0:24:35,
1475,1450,0,,0:24:36,
1476,1451,0,,0:24:37,
1477,1452,0,,0:24:38,
1478,1453,0,,0:24:39,
1479,1454,0,,0:24:40,
1480,1455,0,,0:24:41,
1481,1456,1,0.826365471,0:24:42,0
1482,1457,1,0.826112509,0:24:43,0
1483,1458,1,0.827729642,0:24:44,0
1484,1459,1,0.824843884,0:24:45,0
1485,1460,1,0.829410195,0:24:46,0
1486,1461,1,0.832073092,0:24:47,0
1487,1462,1,0.840394795,0:24:48,0
1488,1463,1,0.828551054,0:24:49,0
1489,1464,1,0.828769803,0:24:50,0
1490,1465,1,0.828768551,0:24:51,0
1491,1466,1,0.828960717,0:24:52,0
1492,1467,1,0.936275065,0:24:53,1
1493,1468,1,0.934528053,0:24:54,1
1494,1469,1,0.930534065,0:24:55,1
1495,1470,1,0.927570879,0:24:56,1
1496,1471,1,0.926329851,0:24:57,1
1497,1472,1,0.931894243,0:24:58,1
1498,1473,1,0.935067654,0:24:59,1
1499,1474,1,0.935316741,0:25:00,1
1500,1475,1,0.828279853,0:25:01,0
1501,1476,1,0.826432884,0:25:02,0
1502,1477,1,0.827244043,0:25:03,0
1503,1478,1,0.827930868,0:25:04,0
1504,1479,1,0.829417884,0:25:05,0
1505,1480,1,0.830376267,0:25:06,0
1506,1481,1,0.828047335,0:25:07,0
1507,1482,1,0.827189744,0:25:08,0
1508,1483,1,0.827726483,0:25:09,0
1509,1484,1,0.828846276,0:25:10,0
1510,1485,1,0.827774882,0:25:11,0
1511,1486,1,0.830179274,0:25:12,0
1512,1487,1,0.829207838,0:25:13,0
1513,1488,1,0.829797506,0:25:14,0
1514,1489,1,0.829562306,0:25:15,0
1515,1490,1,0.827572882,0:25:16,0
1516,1491,1,0.831403673,0:25:17,0
1517,1492,1,0.83316642,0:25:18,0
1518,1493,1,0.832413316,0:25:19,0
1519,1494,1,0.833107531,0:25:20,0
1520,1495,1,0.83101666,0:25:21,0
1521,1496,1,0.833430886,0:25:22,0
1522,1497,1,0.833553553,0:25:23,0
1523,1498,1,0.835029662,0:25:24,0
1524,1499,1,0.836261213,0:25:25,0
1525,1500,1,0.831638753,0:25:26,0
1526,1501,1,0.830723107,0:25:27,0
1527,1502,1,0.830126882,0:25:28,0
1528,1503,1,0.828843296,0:25:29,0
1529,1504,1,0.829360783,0:25:30,0
1530,1505,1,0.842015743,0:25:31,0
1531,1506,1,0.865336001,0:25:32,0
1532,1507,1,0.864382088,0:25:33,0
1533,1508,1,0.861214042,0:25:34,0
1534,1509,1,0.889376402,0:25:35,0
1535,1510,1,0.934448659,0:25:36,1
1536,1511,1,0.928509891,0:25:37,1
1537,1512,1,0.924902856,0:25:38,1
1538,1513,1,0.926457763,0:25:39,1
1539,1514,1,0.929606676,0:25:40,1
1540,1515,1,0.930602789,0:25:41,1
1541,1516,1,0.932320714,0:25:42,1
1542,1517,1,0.932071388,0:25:43,1
1543,1518,1,0.92876786,0:25:44,1
1544,1519,1,0.859849036,0:25:45,0
1545,1520,1,0.829458654,0:25:46,0
1546,1521,1,0.827727616,0:25:47,0
1547,1522,1,0.828086376,0:25:48,0
1548,1523,1,0.827278137,0:25:49,0
1549,1524,1,0.827400565,0:25:50,0
1550,1525,1,0.827001214,0:25:51,0
1551,1526,1,0.825903058,0:25:52,0
1552,1527,1,0.825323999,0:25:53,0
1553,1528,1,0.841635525,0:25:54,0
1554,1529,1,0.868381083,0:25:55,0
1555,1530,1,0.827902615,0:25:56,0
1556,1531,1,0.858451366,0:25:57,0
1557,1532,1,0.845221281,0:25:58,0
1558,1533,1,0.829361379,0:25:59,0
1559,1534,1,0.82849139,0:26:00,0
1560,1535,1,0.829310358,0:26:01,0
1561,1536,1,0.827358365,0:26:02,0
1562,1537,1,0.829060376,0:26:03,0
1563,1538,1,0.828588367,0:26:04,0
1564,1539,1,0.828456521,0:26:05,0
1565,1540,1,0.827847958,0:26:06,0
1566,1541,1,0.824448705,0:26:07,0
1567,1542,1,0.82314986,0:26:08,0
1568,1543,1,0.826024473,0:26:09,0
1569,1544,1,0.82530427,0:26:10,0
1570,1545,1,0.827887833,0:26:11,0
1571,1546,1,0.828597307,0:26:12,0
1572,1547,1,0.828406334,0:26:13,0
1573,1548,1,0.827324569,0:26:14,0
1574,1549,1,0.826793194,0:26:15,0
1575,1550,1,0.825638831,0:26:16,0
1576,1551,1,0.83082372,0:26:17,0
1577,1552,1,0.841461003,0:26:18,0
1578,1553,1,0.848930359,0:26:19,0
1579,1554,1,0.943371117,0:26:20,1
1580,1555,1,0.941571057,0:26:21,1
1581,1556,1,0.942487061,0:26:22,1
1582,1557,1,0.93961066,0:26:23,1
1583,1558,1,0.937587857,0:26:24,1
1584,1559,1,0.936258435,0:26:25,1
1585,1560,1,0.938589096,0:26:26,1
1586,1561,1,0.938057065,0:26:27,1
1587,1562,0,,0:26:28,
1588,1563,0,,0:26:29,
1589,1564,0,,0:26:30,
1590,1565,1,0.867773354,0:26:31,0
1591,1566,1,0.836919904,0:26:32,0
1592,1567,1,0.835542381,0:26:33,0
1593,1568,1,0.918571115,0:26:34,0
1594,1569,1,0.829611242,0:26:35,0
1595,1570,0,,0:26:36,
1596,1571,0,,0:26:37,
1597,1572,1,0.808518469,0:26:38,0
1598,1573,0,,0:26:39,
1599,1574,1,0.82346499,0:26:40,0
1600,1575,0,,0:26:41,
1601,1576,0,,0:26:42,
1602,1577,0,,0:26:43,
1603,1578,0,,0:26:44,
1604,1579,0,,0:26:45,
1605,1580,0,,0:26:46,
1606,1581,0,,0:26:47,
1607,1582,0,,0:26:48,
1608,1583,0,,0:26:49,
1609,1584,0,,0:26:50,
1610,1585,0,,0:26:51,
1611,1586,1,0.845162153,0:26:52,0
1612,1587,1,0.851568043,0:26:53,0
1613,1588,1,0.855499744,0:26:54,0
1614,1589,1,0.856742918,0:26:55,0
1615,1590,1,0.850708425,0:26:56,0
1616,1591,1,0.856347263,0:26:57,0
1617,1592,1,0.824372888,0:26:58,0
1618,1593,1,0.828837514,0:26:59,0
1619,1594,0,,0:27:00,
1620,1595,0,,0:27:01,
1621,1596,0,,0:27:02,
1622,1597,1,0.937215567,0:27:03,1
1623,1598,1,0.942917168,0:27:04,1
1624,1599,1,0.944011211,0:27:05,1
1625,1600,1,0.943877041,0:27:06,1
1626,1601,1,0.944558501,0:27:07,1
1627,1602,1,0.942164183,0:27:08,1
1628,1603,1,0.945128381,0:27:09,1
1629,1604,1,0.945926845,0:27:10,1
1630,1605,1,0.959115326,0:27:11,1
1631,1606,0,,0:27:12,
1632,1607,0,,0:27:13,
1633,1608,1,0.828553677,0:27:14,0
1634,1609,0,,0:27:15,
1635,1610,0,,0:27:16,
1636,1611,0,,0:27:17,
1637,1612,0,,0:27:18,
1638,1613,0,,0:27:19,
1639,1614,0,,0:27:20,
1640,1615,0,,0:27:21,
1641,1616,0,,0:27:22,
1642,1617,0,,0:27:23,
1643,1618,0,,0:27:24,
1644,1619,0,,0:27:25,
1645,1620,0,,0:27:26,
1646,1621,0,,0:27:27,
1647,1622,0,,0:27:28,
1648,1623,0,,0:27:29,
1649,1624,0,,0:27:30,
1650,1625,0,,0:27:31,
1651,1626,0,,0:27:32,
1652,1627,0,,0:27:33,
1653,1628,0,,0:27:34,
1654,1629,0,,0:27:35,
1655,1630,0,,0:27:36,
1656,1631,0,,0:27:37,
1657,1632,0,,0:27:38,
1658,1633,0,,0:27:39,
1659,1634,0,,0:27:40,
1660,1635,0,,0:27:41,
1661,1636,0,,0:27:42,
1662,1637,0,,0:27:43,
1663,1638,0,,0:27:44,
1664,1639,0,,0:27:45,
1665,1640,1,0.84968555,0:27:46,1
1666,1641,1,0.94285053,0:27:47,1
1667,1642,1,0.941299379,0:27:48,1
1668,1643,1,0.94215256,0:27:49,1
1669,1644,1,0.942495108,0:27:50,1
1670,1645,1,0.943049371,0:27:51,1
1671,1646,1,0.942179024,0:27:52,1
1672,1647,1,0.941471159,0:27:53,1
1673,1648,1,0.942050874,0:27:54,1
1674,1649,0,,0:27:55,
1675,1650,0,,0:27:56,
1676,1651,0,,0:27:57,
1677,1652,0,,0:27:58,
1678,1653,0,,0:27:59,
1679,1654,0,,0:28:00,
1680,1655,0,,0:28:01,
1681,1656,0,,0:28:02,
1682,1657,0,,0:28:03,
1683,1658,0,,0:28:04,
1684,1659,0,,0:28:05,
1685,1660,0,,0:28:06,
1686,1661,0,,0:28:07,
1687,1662,0,,0:28:08,
1688,1663,0,,0:28:09,
1689,1664,0,,0:28:10,
1690,1665,0,,0:28:11,
1691,1666,0,,0:28:12,
1692,1667,0,,0:28:13,
1693,1668,0,,0:28:14,
1694,1669,0,,0:28:15,
1695,1670,0,,0:28:16,
1696,1671,0,,0:28:17,
1697,1672,0,,0:28:18,
1698,1673,0,,0:28:19,
1699,1674,0,,0:28:20,
1700,1675,0,,0:28:21,
1701,1676,0,,0:28:22,
1702,1677,1,0.810453653,0:28:23,0
1703,1678,0,,0:28:24,
1704,1679,0,,0:28:25,
1705,1680,0,,0:28:26,
1706,1681,0,,0:28:27,
1707,1682,1,0.808982015,0:28:28,0
1708,1683,0,,0:28:29,
1709,1684,1,0.925311267,0:28:30,1
1710,1685,1,0.937512815,0:28:31,1
1711,1686,1,0.916401565,0:28:32,1
1712,1687,1,0.930695415,0:28:33,1
1713,1688,1,0.929778337,0:28:34,1
1714,1689,1,0.945525944,0:28:35,1
1715,1690,1,0.903756678,0:28:36,1
1716,1691,1,0.898509622,0:28:37,1
1717,1692,1,0.937678635,0:28:38,1
1718,1693,0,,0:28:39,
1719,1694,1,0.83145237,0:28:40,0
1720,1695,0,,0:28:41,
1721,1696,0,,0:28:42,
1722,1697,0,,0:28:43,
1723,1698,0,,0:28:44,
1724,1699,0,,0:28:45,
1725,1700,1,0.83690089,0:28:46,0
1726,1701,0,,0:28:47,
1727,1702,0,,0:28:48,
1728,1703,0,,0:28:49,
1729,1704,0,,0:28:50,
1730,1705,0,,0:28:51,
1731,1706,0,,0:28:52,
1732,1707,0,,0:28:53,
1733,1708,0,,0:28:54,
1734,1709,0,,0:28:55,
1735,1710,0,,0:28:56,
1736,1711,0,,0:28:57,
1737,1712,0,,0:28:58,
1738,1713,0,,0:28:59,
1739,1714,0,,0:29:00,
1740,1715,0,,0:29:01,
1741,1716,0,,0:29:02,
1742,1717,0,,0:29:03,
1743,1718,0,,0:29:04,
1744,1719,0,,0:29:05,
1745,1720,1,0.809225559,0:29:06,0
1746,1721,0,,0:29:07,
1747,1722,0,,0:29:08,
1748,1723,0,,0:29:09,
1749,1724,0,,0:29:10,
1750,1725,0,,0:29:11,
1751,1726,0,,0:29:12,
1752,1727,0,,0:29:13,
1753,1728,1,0.931741774,0:29:14,1
1754,1729,1,0.918862104,0:29:15,1
1755,1730,1,0.933879614,0:29:16,1
1756,1731,1,0.926198125,0:29:17,1
1757,1732,1,0.942313194,0:29:18,1
1758,1733,1,0.939441562,0:29:19,1
1759,1734,1,0.937210977,0:29:20,1
1760,1735,1,0.930593908,0:29:21,1
1761,1736,0,,0:29:22,
1762,1737,0,,0:29:23,
1763,1738,0,,0:29:24,
1764,1739,0,,0:29:25,
1765,1740,0,,0:29:26,
1766,1741,0,,0:29:27,
1767,1742,0,,0:29:28,
1768,1743,0,,0:29:29,
1769,1744,0,,0:29:30,
1770,1745,0,,0:29:31,
1771,1746,0,,0:29:32,
1772,1747,0,,0:29:33,
1773,1748,0,,0:29:34,
1774,1749,0,,0:29:35,
1775,1750,0,,0:29:36,
1776,1751,0,,0:29:37,
1777,1752,0,,0:29:38,
1778,1753,0,,0:29:39,
1779,1754,0,,0:29:40,
1780,1755,0,,0:29:41,
1781,1756,0,,0:29:42,
1782,1757,0,,0:29:43,
1783,1758,0,,0:29:44,
1784,1759,0,,0:29:45,
1785,1760,0,,0:29:46,
1786,1761,0,,0:29:47,
1787,1762,0,,0:29:48,
1788,1763,0,,0:29:49,
1789,1764,0,,0:29:50,
1790,1765,1,0.803949356,0:29:51,0
1791,1766,0,,0:29:52,
1792,1767,0,,0:29:53,
1793,1768,0,,0:29:54,
1794,1769,0,,0:29:55,
1795,1770,0,,0:29:56,
1796,1771,1,0.930366933,0:29:57,1
1797,1772,1,0.925912619,0:29:58,1
1798,1773,1,0.923719823,0:29:59,1
1799,1774,1,0.920107186,0:30:00,1
1800,1775,1,0.929495454,0:30:01,1
1801,1776,1,0.924062788,0:30:02,1
1802,1777,1,0.920976341,0:30:03,1
1803,1778,1,0.91747278,0:30:04,1
1804,1779,1,0.940225363,0:30:05,1
1805,1780,0,,0:30:06,
1806,1781,0,,0:30:07,
1807,1782,0,,0:30:08,
1808,1783,0,,0:30:09,
1809,1784,0,,0:30:10,
1810,1785,0,,0:30:11,
1811,1786,0,,0:30:12,
1812,1787,0,,0:30:13,
1813,1788,0,,0:30:14,
1814,1789,0,,0:30:15,
1815,1790,0,,0:30:16,
1816,1791,0,,0:30:17,
1817,1792,0,,0:30:18,
1818,1793,0,,0:30:19,
1819,1794,0,,0:30:20,
1820,1795,0,,0:30:21,
1821,1796,0,,0:30:22,
1822,1797,0,,0:30:23,
1823,1798,0,,0:30:24,
1824,1799,0,,0:30:25,
1825,1800,0,,0:30:26,
1826,1801,0,,0:30:27,
1827,1802,0,,0:30:28,
1828,1803,0,,0:30:29,
1829,1804,0,,0:30:30,
1830,1805,0,,0:30:31,
1831,1806,0,,0:30:32,
1832,1807,0,,0:30:33,
1833,1808,0,,0:30:34,
1834,1809,0,,0:30:35,
1835,1810,1,0.80571121,0:30:36,0
1836,1811,0,,0:30:37,
1837,1812,0,,0:30:38,
1838,1813,0,,0:30:39,
1839,1814,0,,0:30:40,
1840,1815,1,0.947334051,0:30:41,1
1841,1816,1,0.922388852,0:30:42,1
1842,1817,1,0.940949678,0:30:43,1
1843,1818,1,0.942330778,0:30:44,1
1844,1819,1,0.941954613,0:30:45,1
1845,1820,1,0.927265584,0:30:46,1
1846,1821,1,0.928286135,0:30:47,1
1847,1822,1,0.931826711,0:30:48,1
1848,1823,0,,0:30:49,
1849,1824,0,,0:30:50,
1850,1825,0,,0:30:51,
1851,1826,0,,0:30:52,
1852,1827,0,,0:30:53,
1853,1828,0,,0:30:54,
1854,1829,0,,0:30:55,
1855,1830,0,,0:30:56,
1856,1831,0,,0:30:57,
1857,1832,0,,0:30:58,
1858,1833,1,0.908802986,0:30:59,0
1859,1834,1,0.828930557,0:31:00,0
1860,1835,0,,0:31:01,
1861,1836,0,,0:31:02,
1862,1837,0,,0:31:03,
1863,1838,0,,0:31:04,
1864,1839,0,,0:31:05,
1865,1840,0,,0:31:06,
1866,1841,0,,0:31:07,
1867,1842,0,,0:31:08,
1868,1843,0,,0:31:09,
1869,1844,0,,0:31:10,
1870,1845,0,,0:31:11,
1871,1846,1,0.878459454,0:31:12,0
1872,1847,0,,0:31:13,
1873,1848,0,,0:31:14,
1874,1849,0,,0:31:15,
1875,1850,0,,0:31:16,
1876,1851,0,,0:31:17,
1877,1852,0,,0:31:18,
1878,1853,0,,0:31:19,
1879,1854,0,,0:31:20,
1880,1855,1,0.820597589,0:31:21,0
1881,1856,0,,0:31:22,
1882,1857,0,,0:31:23,
1883,1858,1,0.934268296,0:31:24,1
1884,1859,1,0.933996856,0:31:25,1
1885,1860,1,0.91429919,0:31:26,1
1886,1861,1,0.941031098,0:31:27,1
1887,1862,1,0.93826437,0:31:28,1
1888,1863,1,0.938543797,0:31:29,1
1889,1864,1,0.911772311,0:31:30,1
1890,1865,1,0.947686672,0:31:31,1
1891,1866,1,0.906728923,0:31:32,1
1892,1867,0,,0:31:33,
1893,1868,0,,0:31:34,
1894,1869,0,,0:31:35,
1895,1870,0,,0:31:36,
1896,1871,0,,0:31:37,
1897,1872,0,,0:31:38,
1898,1873,0,,0:31:39,
1899,1874,0,,0:31:40,
1900,1875,0,,0:31:41,
1901,1876,0,,0:31:42,
1902,1877,0,,0:31:43,
1903,1878,0,,0:31:44,
1904,1879,0,,0:31:45,
1905,1880,0,,0:31:46,
1906,1881,0,,0:31:47,
1907,1882,0,,0:31:48,
1908,1883,0,,0:31:49,
1909,1884,0,,0:31:50,
1910,1885,0,,0:31:51,
1911,1886,0,,0:31:52,
1912,1887,0,,0:31:53,
1913,1888,0,,0:31:54,
1914,1889,0,,0:31:55,
1915,1890,0,,0:31:56,
1916,1891,0,,0:31:57,
1917,1892,0,,0:31:58,
1918,1893,0,,0:31:59,
1919,1894,0,,0:32:00,
1920,1895,0,,0:32:01,
1921,1896,0,,0:32:02,
1922,1897,0,,0:32:03,
1923,1898,0,,0:32:04,
1924,1899,0,,0:32:05,
1925,1900,0,,0:32:06,
1926,1901,1,0.86194545,0:32:07,1
1927,1902,1,0.941523254,0:32:08,1
1928,1903,1,0.941872954,0:32:09,1
1929,1904,1,0.941803694,0:32:10,1
1930,1905,1,0.941753566,0:32:11,1
1931,1906,1,0.938131034,0:32:12,1
1932,1907,1,0.938944936,0:32:13,1
1933,1908,1,0.938808322,0:32:14,1
1934,1909,1,0.903858602,0:32:15,1
1935,1910,0,,0:32:16,
1936,1911,0,,0:32:17,
1937,1912,0,,0:32:18,
1938,1913,0,,0:32:19,
1939,1914,0,,0:32:20,
1940,1915,0,,0:32:21,
1941,1916,0,,0:32:22,
1942,1917,0,,0:32:23,
1943,1918,0,,0:32:24,
1944,1919,0,,0:32:25,
1945,1920,0,,0:32:26,
1946,1921,0,,0:32:27,
1947,1922,0,,0:32:28,
1948,1923,0,,0:32:29,
1949,1924,0,,0:32:30,
1950,1925,0,,0:32:31,
1951,1926,0,,0:32:32,
1952,1927,0,,0:32:33,
1953,1928,0,,0:32:34,
1954,1929,0,,0:32:35,
1955,1930,0,,0:32:36,
1956,1931,0,,0:32:37,
1957,1932,0,,0:32:38,
1958,1933,0,,0:32:39,
1959,1934,0,,0:32:40,
1960,1935,0,,0:32:41,
1961,1936,1,0.840122402,0:32:42,0
1962,1937,0,,0:32:43,
1963,1938,0,,0:32:44,
1964,1939,0,,0:32:45,
1965,1940,0,,0:32:46,
1966,1941,0,,0:32:47,
1967,1942,0,,0:32:48,
1968,1943,0,,0:32:49,
1969,1944,0,,0:32:50,
1970,1945,1,0.938147187,0:32:51,1
1971,1946,1,0.928083479,0:32:52,1
1972,1947,1,0.939942718,0:32:53,1
1973,1948,1,0.950874686,0:32:54,1
1974,1949,1,0.935247421,0:32:55,1
1975,1950,1,0.943165362,0:32:56,1
1976,1951,1,0.951312065,0:32:57,1
1977,1952,1,0.956593752,0:32:58,1
1978,1953,1,0.929011285,0:32:59,1
1979,1954,0,,0:33:00,
1980,1955,0,,0:33:01,
1981,1956,0,,0:33:02,
1982,1957,0,,0:33:03,
1983,1958,0,,0:33:04,
1984,1959,0,,0:33:05,
1985,1960,0,,0:33:06,
1986,1961,0,,0:33:07,
1987,1962,0,,0:33:08,
1988,1963,0,,0:33:09,
1989,1964,0,,0:33:10,
1990,1965,0,,0:33:11,
1991,1966,0,,0:33:12,
1992,1967,0,,0:33:13,
1993,1968,0,,0:33:14,
1994,1969,0,,0:33:15,
1995,1970,0,,0:33:16,
1996,1971,0,,0:33:17,
1997,1972,0,,0:33:18,
1998,1973,0,,0:33:19,
1999,1974,0,,0:33:20,
2000,1975,0,,0:33:21,
2001,1976,0,,0:33:22,
2002,1977,0,,0:33:23,
2003,1978,0,,0:33:24,
2004,1979,0,,0:33:25,
2005,1980,0,,0:33:26,
2006,1981,0,,0:33:27,
2007,1982,0,,0:33:28,
2008,1983,0,,0:33:29,
2009,1984,0,,0:33:30,
2010,1985,0,,0:33:31,
2011,1986,0,,0:33:32,
2012,1987,0,,0:33:33,
2013,1988,0,,0:33:34,
2014,1989,1,0.927737057,0:33:35,1
2015,1990,1,0.933341146,0:33:36,1
2016,1991,1,0.931132615,0:33:37,1
2017,1992,1,0.933919907,0:33:38,1
2018,1993,1,0.916713595,0:33:39,1
2019,1994,1,0.919802427,0:33:40,1
2020,1995,1,0.911757231,0:33:41,1
2021,1996,1,0.916913509,0:33:42,1
2022,1997,0,,0:33:43,
2023,1998,0,,0:33:44,
2024,1999,0,,0:33:45,
2025,2000,0,,0:33:46,
2026,2001,0,,0:33:47,
2027,2002,0,,0:33:48,
2028,2003,0,,0:33:49,
2029,2004,0,,0:33:50,
2030,2005,0,,0:33:51,
2031,2006,0,,0:33:52,
2032,2007,0,,0:33:53,
2033,2008,0,,0:33:54,
2034,2009,0,,0:33:55,
2035,2010,0,,0:33:56,
2036,2011,0,,0:33:57,
2037,2012,0,,0:33:58,
2038,2013,0,,0:33:59,
2039,2014,0,,0:34:00,
2040,2015,0,,0:34:01,
2041,2016,0,,0:34:02,
2042,2017,0,,0:34:03,
2043,2018,0,,0:34:04,
2044,2019,0,,0:34:05,
2045,2020,0,,0:34:06,
2046,2021,0,,0:34:07,
2047,2022,0,,0:34:08,
2048,2023,0,,0:34:09,
2049,2024,0,,0:34:10,
2050,2025,0,,0:34:11,
2051,2026,0,,0:34:12,
2052,2027,0,,0:34:13,
2053,2028,0,,0:34:14,
2054,2029,0,,0:34:15,
2055,2030,0,,0:34:16,
2056,2031,0,,0:34:17,
2057,2032,1,0.932835877,0:34:18,1
2058,2033,1,0.935098648,0:34:19,1
2059,2034,1,0.934345901,0:34:20,1
2060,2035,1,0.941602111,0:34:21,1
2061,2036,1,0.934095919,0:34:22,1
2062,2037,1,0.941532254,0:34:23,1
2063,2038,1,0.937462628,0:34:24,1
2064,2039,1,0.936672628,0:34:25,1
2065,2040,1,0.936100304,0:34:26,1
2066,2041,0,,0:34:27,
2067,2042,0,,0:34:28,
2068,2043,0,,0:34:29,
2069,2044,0,,0:34:30,
2070,2045,0,,0:34:31,
2071,2046,0,,0:34:32,
2072,2047,0,,0:34:33,
2073,2048,0,,0:34:34,
2074,2049,0,,0:34:35,
2075,2050,0,,0:34:36,
2076,2051,0,,0:34:37,
2077,2052,0,,0:34:38,
2078,2053,0,,0:34:39,
2079,2054,0,,0:34:40,
2080,2055,0,,0:34:41,
2081,2056,0,,0:34:42,
2082,2057,0,,0:34:43,
2083,2058,1,0.805039108,0:34:44,0
2084,2059,0,,0:34:45,
2085,2060,0,,0:34:46,
2086,2061,0,,0:34:47,
2087,2062,0,,0:34:48,
2088,2063,0,,0:34:49,
2089,2064,0,,0:34:50,
2090,2065,0,,0:34:51,
2091,2066,0,,0:34:52,
2092,2067,0,,0:34:53,
2093,2068,0,,0:34:54,
2094,2069,0,,0:34:55,
2095,2070,0,,0:34:56,
2096,2071,0,,0:34:57,
2097,2072,1,0.865151644,0:34:58,0
2098,2073,0,,0:34:59,
2099,2074,0,,0:35:00,
2100,2075,0,,0:35:01,
2101,2076,1,0.924090922,0:35:02,1
2102,2077,1,0.940892816,0:35:03,1
2103,2078,1,0.940714896,0:35:04,1
2104,2079,1,0.919822156,0:35:05,1
2105,2080,1,0.925417483,0:35:06,1
2106,2081,1,0.943839312,0:35:07,1
2107,2082,1,0.921427131,0:35:08,1
2108,2083,1,0.94279021,0:35:09,1
2109,2084,0,,0:35:10,
2110,2085,0,,0:35:11,
2111,2086,0,,0:35:12,
2112,2087,0,,0:35:13,
2113,2088,0,,0:35:14,
2114,2089,0,,0:35:15,
2115,2090,0,,0:35:16,
2116,2091,0,,0:35:17,
2117,2092,0,,0:35:18,
2118,2093,0,,0:35:19,
2119,2094,0,,0:35:20,
2120,2095,0,,0:35:21,
2121,2096,0,,0:35:22,
2122,2097,0,,0:35:23,
2123,2098,0,,0:35:24,
2124,2099,0,,0:35:25,
2125,2100,0,,0:35:26,
2126,2101,0,,0:35:27,
2127,2102,0,,0:35:28,
2128,2103,0,,0:35:29,
2129,2104,0,,0:35:30,
2130,2105,0,,0:35:31,
2131,2106,0,,0:35:32,
2132,2107,0,,0:35:33,
2133,2108,0,,0:35:34,
2134,2109,0,,0:35:35,
2135,2110,0,,0:35:36,
2136,2111,0,,0:35:37,
2137,2112,0,,0:35:38,
2138,2113,0,,0:35:39,
2139,2114,0,,0:35:40,
2140,2115,0,,0:35:41,
2141,2116,0,,0:35:42,
2142,2117,0,,0:35:43,
2143,2118,1,0.860489786,0:35:44,1
2144,2119,1,0.95786345,0:35:45,1
2145,2120,1,0.958505034,0:35:46,1
2146,2121,1,0.958781779,0:35:47,1
2147,2122,1,0.941797078,0:35:48,1
2148,2123,1,0.941707313,0:35:49,1
2149,2124,1,0.942022979,0:35:50,1
2150,2125,1,0.942409337,0:35:51,1
2151,2126,1,0.939334869,0:35:52,1
2152,2127,1,0.942241549,0:35:53,1
2153,2128,0,,0:35:54,
2154,2129,0,,0:35:55,
2155,2130,0,,0:35:56,
2156,2131,0,,0:35:57,
2157,2132,0,,0:35:58,
2158,2133,0,,0:35:59,
2159,2134,0,,0:36:00,
2160,2135,0,,0:36:01,
2161,2136,0,,0:36:02,
2162,2137,0,,0:36:03,
2163,2138,0,,0:36:04,
2164,2139,0,,0:36:05,
2165,2140,0,,0:36:06,
2166,2141,0,,0:36:07,
2167,2142,0,,0:36:08,
2168,2143,1,0.810884178,0:36:09,0
2169,2144,0,,0:36:10,
2170,2145,0,,0:36:11,
2171,2146,0,,0:36:12,
2172,2147,0,,0:36:13,
2173,2148,0,,0:36:14,
2174,2149,0,,0:36:15,
2175,2150,0,,0:36:16,
2176,2151,0,,0:36:17,
2177,2152,0,,0:36:18,
2178,2153,0,,0:36:19,
2179,2154,0,,0:36:20,
2180,2155,0,,0:36:21,
2181,2156,0,,0:36:22,
2182,2157,0,,0:36:23,
2183,2158,0,,0:36:24,
2184,2159,0,,0:36:25,
2185,2160,0,,0:36:26,
2186,2161,0,,0:36:27,
2187,2162,0,,0:36:28,
2188,2163,1,0.899285316,0:36:29,1
2189,2164,1,0.909151316,0:36:30,1
2190,2165,1,0.874654353,0:36:31,1
2191,2166,1,0.921938956,0:36:32,1
2192,2167,1,0.893906176,0:36:33,1
2193,2168,1,0.91808641,0:36:34,1
2194,2169,1,0.930610955,0:36:35,1
2195,2170,1,0.942320824,0:36:36,1
2196,2171,0,,0:36:37,
2197,2172,0,,0:36:38,
2198,2173,0,,0:36:39,
2199,2174,0,,0:36:40,
2200,2175,0,,0:36:41,
2201,2176,0,,0:36:42,
2202,2177,0,,0:36:43,
2203,2178,0,,0:36:44,
2204,2179,0,,0:36:45,
2205,2180,0,,0:36:46,
2206,2181,0,,0:36:47,
2207,2182,0,,0:36:48,
2208,2183,0,,0:36:49,
2209,2184,0,,0:36:50,
2210,2185,0,,0:36:51,
2211,2186,0,,0:36:52,
2212,2187,0,,0:36:53,
2213,2188,0,,0:36:54,
2214,2189,0,,0:36:55,
2215,2190,0,,0:36:56,
2216,2191,0,,0:36:57,
2217,2192,0,,0:36:58,
2218,2193,0,,0:36:59,
2219,2194,0,,0:37:00,
2220,2195,1,0.818693459,0:37:01,0
2221,2196,0,,0:37:02,
2222,2197,0,,0:37:03,
2223,2198,0,,0:37:04,
2224,2199,0,,0:37:05,
2225,2200,0,,0:37:06,
2226,2201,0,,0:37:07,
2227,2202,0,,0:37:08,
2228,2203,0,,0:37:09,
2229,2204,0,,0:37:10,
2230,2205,0,,0:37:11,
2231,2206,1,0.910183132,0:37:12,1
2232,2207,1,0.912344694,0:37:13,1
2233,2208,1,0.915625572,0:37:14,1
2234,2209,1,0.926649511,0:37:15,1
2235,2210,1,0.927519441,0:37:16,1
2236,2211,1,0.920336008,0:37:17,1
2237,2212,1,0.924372971,0:37:18,1
2238,2213,1,0.899287164,0:37:19,1
2239,2214,1,0.91964215,0:37:20,1
2240,2215,0,,0:37:21,
2241,2216,0,,0:37:22,
2242,2217,0,,0:37:23,
2243,2218,0,,0:37:24,
2244,2219,0,,0:37:25,
2245,2220,0,,0:37:26,
2246,2221,0,,0:37:27,
2247,2222,0,,0:37:28,
2248,2223,1,0.837668121,0:37:29,0
2249,2224,0,,0:37:30,
2250,2225,0,,0:37:31,
2251,2226,0,,0:37:32,
2252,2227,0,,0:37:33,
2253,2228,0,,0:37:34,
2254,2229,0,,0:37:35,
2255,2230,0,,0:37:36,
2256,2231,0,,0:37:37,
2257,2232,0,,0:37:38,
2258,2233,0,,0:37:39,
2259,2234,0,,0:37:40,
2260,2235,0,,0:37:41,
2261,2236,0,,0:37:42,
2262,2237,0,,0:37:43,
2263,2238,0,,0:37:44,
2264,2239,0,,0:37:45,
2265,2240,0,,0:37:46,
2266,2241,0,,0:37:47,
2267,2242,0,,0:37:48,
2268,2243,0,,0:37:49,
2269,2244,0,,0:37:50,
2270,2245,0,,0:37:51,
2271,2246,0,,0:37:52,
2272,2247,0,,0:37:53,
2273,2248,0,,0:37:54,
2274,2249,0,,0:37:55,
2275,2250,1,0.916274846,0:37:56,1
2276,2251,1,0.930060267,0:37:57,1
2277,2252,1,0.938560009,0:37:58,1
2278,2253,1,0.918561757,0:37:59,1
2279,2254,1,0.93132931,0:38:00,1
2280,2255,1,0.924151301,0:38:01,1
2281,2256,1,0.900308669,0:38:02,1
2282,2257,1,0.905147374,0:38:03,1
2283,2258,0,,0:38:04,
2284,2259,0,,0:38:05,
2285,2260,0,,0:38:06,
2286,2261,1,0.839255273,0:38:07,0
2287,2262,0,,0:38:08,
2288,2263,0,,0:38:09,
2289,2264,0,,0:38:10,
2290,2265,0,,0:38:11,
2291,2266,1,0.80026269,0:38:12,0
2292,2267,0,,0:38:13,
2293,2268,0,,0:38:14,
2294,2269,0,,0:38:15,
2295,2270,0,,0:38:16,
2296,2271,1,0.856709421,0:38:17,0
2297,2272,0,,0:38:18,
2298,2273,0,,0:38:19,
2299,2274,0,,0:38:20,
2300,2275,0,,0:38:21,
2301,2276,0,,0:38:22,
2302,2277,0,,0:38:23,
2303,2278,0,,0:38:24,
2304,2279,0,,0:38:25,
2305,2280,0,,0:38:26,
2306,2281,0,,0:38:27,
2307,2282,1,0.818399668,0:38:28,0
2308,2283,0,,0:38:29,
2309,2284,0,,0:38:30,
2310,2285,0,,0:38:31,
2311,2286,0,,0:38:32,
2312,2287,0,,0:38:33,
2313,2288,0,,0:38:34,
2314,2289,0,,0:38:35,
2315,2290,0,,0:38:36,
2316,2291,0,,0:38:37,
2317,2292,0,,0:38:38,
2318,2293,1,0.930639446,0:38:39,1
2319,2294,1,0.936262548,0:38:40,1
2320,2295,1,0.933978975,0:38:41,1
2321,2296,1,0.94124639,0:38:42,1
2322,2297,1,0.931109667,0:38:43,1
2323,2298,1,0.933555305,0:38:44,1
2324,2299,1,0.94280529,0:38:45,1
2325,2300,1,0.92655468,0:38:46,1
2326,2301,1,0.932150543,0:38:47,1
2327,2302,0,,0:38:48,
2328,2303,1,0.836832047,0:38:49,0
2329,2304,0,,0:38:50,
2330,2305,0,,0:38:51,
2331,2306,0,,0:38:52,
2332,2307,0,,0:38:53,
2333,2308,0,,0:38:54,
2334,2309,0,,0:38:55,
2335,2310,0,,0:38:56,
2336,2311,0,,0:38:57,
2337,2312,0,,0:38:58,
2338,2313,0,,0:38:59,
2339,2314,0,,0:39:00,
2340,2315,0,,0:39:01,
2341,2316,0,,0:39:02,
2342,2317,0,,0:39:03,
2343,2318,0,,0:39:04,
2344,2319,0,,0:39:05,
2345,2320,0,,0:39:06,
2346,2321,0,,0:39:07,
2347,2322,1,0.825500071,0:39:08,0
2348,2323,1,0.824321091,0:39:09,0
2349,2324,0,,0:39:10,
2350,2325,0,,0:39:11,
2351,2326,1,0.842704654,0:39:12,0
2352,2327,1,0.802428305,0:39:13,0
2353,2328,1,0.82101208,0:39:14,0
2354,2329,1,0.812578738,0:39:15,0
2355,2330,1,0.820881665,0:39:16,0
2356,2331,1,0.821764886,0:39:17,0
2357,2332,1,0.832670391,0:39:18,0
2358,2333,0,,0:39:19,
2359,2334,1,0.825191259,0:39:20,0
2360,2335,1,0.812533021,0:39:21,0
2361,2336,1,0.811232865,0:39:22,0
2362,2337,1,0.940062582,0:39:23,1
2363,2338,1,0.9360497,0:39:24,1
2364,2339,1,0.935096741,0:39:25,1
2365,2340,1,0.936265647,0:39:26,1
2366,2341,1,0.939479113,0:39:27,1
2367,2342,1,0.93906337,0:39:28,1
2368,2343,1,0.937625051,0:39:29,1
2369,2344,1,0.935317814,0:39:30,1
2370,2345,1,0.830368221,0:39:31,0
2371,2346,1,0.832558155,0:39:32,0
2372,2347,0,,0:39:33,
2373,2348,0,,0:39:34,
2374,2349,0,,0:39:35,
2375,2350,0,,0:39:36,
2376,2351,0,,0:39:37,
2377,2352,0,,0:39:38,
2378,2353,0,,0:39:39,
2379,2354,1,0.801365912,0:39:40,0
2380,2355,0,,0:39:41,
2381,2356,0,,0:39:42,
2382,2357,0,,0:39:43,
2383,2358,0,,0:39:44,
2384,2359,0,,0:39:45,
2385,2360,1,0.841106474,0:39:46,0
2386,2361,0,,0:39:47,
2387,2362,0,,0:39:48,
2388,2363,0,,0:39:49,
2389,2364,0,,0:39:50,
2390,2365,0,,0:39:51,
2391,2366,0,,0:39:52,
2392,2367,0,,0:39:53,
2393,2368,1,0.864210308,0:39:54,0
2394,2369,1,0.801867664,0:39:55,0
2395,2370,0,,0:39:56,
2396,2371,0,,0:39:57,
2397,2372,0,,0:39:58,
2398,2373,0,,0:39:59,
2399,2374,0,,0:40:00,
2400,2375,0,,0:40:01,
2401,2376,0,,0:40:02,
2402,2377,0,,0:40:03,
2403,2378,0,,0:40:04,
2404,2379,0,,0:40:05,
2405,2380,1,0.935852587,0:40:06,1
2406,2381,1,0.944654644,0:40:07,1
2407,2382,1,0.942997754,0:40:08,1
2408,2383,1,0.944702446,0:40:09,1
2409,2384,1,0.937166393,0:40:10,1
2410,2385,1,0.941848636,0:40:11,1
2411,2386,1,0.941606641,0:40:12,1
2412,2387,1,0.945578814,0:40:13,1
2413,2388,1,0.957063377,0:40:14,1
2414,2389,0,,0:40:15,
2415,2390,0,,0:40:16,
2416,2391,0,,0:40:17,
2417,2392,0,,0:40:18,
2418,2393,0,,0:40:19,
2419,2394,0,,0:40:20,
2420,2395,0,,0:40:21,
2421,2396,0,,0:40:22,
2422,2397,0,,0:40:23,
2423,2398,0,,0:40:24,
2424,2399,0,,0:40:25,
2425,2400,0,,0:40:26,
2426,2401,1,0.886808217,0:40:27,0
2427,2402,1,0.896494627,0:40:28,0
2428,2403,1,0.896661878,0:40:29,0
2429,2404,1,0.899389446,0:40:30,0
2430,2405,1,0.889141083,0:40:31,0
2431,2406,0,,0:40:32,
2432,2407,0,,0:40:33,
2433,2408,0,,0:40:34,
2434,2409,0,,0:40:35,
2435,2410,0,,0:40:36,
2436,2411,0,,0:40:37,
2437,2412,0,,0:40:38,
2438,2413,0,,0:40:39,
2439,2414,0,,0:40:40,
2440,2415,0,,0:40:41,
2441,2416,0,,0:40:42,
2442,2417,0,,0:40:43,
2443,2418,0,,0:40:44,
2444,2419,1,0.82048732,0:40:45,0
2445,2420,0,,0:40:46,
2446,2421,0,,0:40:47,
2447,2422,0,,0:40:48,
2448,2423,1,0.857160568,0:40:49,0
2449,2424,1,0.939062119,0:40:50,1
2450,2425,1,0.938791513,0:40:51,1
2451,2426,1,0.896508157,0:40:52,1
2452,2427,1,0.856057167,0:40:53,1
2453,2428,1,0.911956966,0:40:54,1
2454,2429,1,0.925823092,0:40:55,1
2455,2430,1,0.926636636,0:40:56,1
2456,2431,1,0.904873013,0:40:57,1
2457,2432,0,,0:40:58,
2458,2433,0,,0:40:59,
2459,2434,0,,0:41:00,
2460,2435,0,,0:41:01,
2461,2436,0,,0:41:02,
2462,2437,0,,0:41:03,
2463,2438,0,,0:41:04,
2464,2439,0,,0:41:05,
2465,2440,0,,0:41:06,
2466,2441,0,,0:41:07,
2467,2442,1,0.833088756,0:41:08,0
2468,2443,0,,0:41:09,
2469,2444,0,,0:41:10,
2470,2445,0,,0:41:11,
2471,2446,0,,0:41:12,
2472,2447,0,,0:41:13,
2473,2448,0,,0:41:14,
2474,2449,0,,0:41:15,
2475,2450,0,,0:41:16,
2476,2451,0,,0:41:17,
2477,2452,0,,0:41:18,
2478,2453,0,,0:41:19,
2479,2454,0,,0:41:20,
2480,2455,0,,0:41:21,
2481,2456,0,,0:41:22,
2482,2457,0,,0:41:23,
2483,2458,0,,0:41:24,
2484,2459,0,,0:41:25,
2485,2460,0,,0:41:26,
2486,2461,0,,0:41:27,
2487,2462,0,,0:41:28,
2488,2463,0,,0:41:29,
2489,2464,0,,0:41:30,
2490,2465,0,,0:41:31,
2491,2466,0,,0:41:32,
2492,2467,1,0.934676528,0:41:33,1
2493,2468,1,0.933612883,0:41:34,1
2494,2469,1,0.901284993,0:41:35,1
2495,2470,1,0.904454172,0:41:36,1
2496,2471,1,0.905928135,0:41:37,1
2497,2472,1,0.945165217,0:41:38,1
2498,2473,1,0.921820283,0:41:39,1
2499,2474,1,0.933021724,0:41:40,1
2500,2475,1,0.934746206,0:41:41,1
2501,2476,0,,0:41:42,
2502,2477,0,,0:41:43,
2503,2478,0,,0:41:44,
2504,2479,0,,0:41:45,
2505,2480,0,,0:41:46,
2506,2481,0,,0:41:47,
2507,2482,0,,0:41:48,
2508,2483,0,,0:41:49,
2509,2484,1,0.843808293,0:41:50,0
2510,2485,1,0.865327001,0:41:51,0
2511,2486,1,0.837743938,0:41:52,0
2512,2487,1,0.838479877,0:41:53,0
2513,2488,1,0.849004507,0:41:54,0
2514,2489,1,0.814987719,0:41:55,0
2515,2490,1,0.81364435,0:41:56,0
2516,2491,0,,0:41:57,
2517,2492,0,,0:41:58,
2518,2493,0,,0:41:59,
2519,2494,0,,0:42:00,
2520,2495,0,,0:42:01,
2521,2496,0,,0:42:02,
2522,2497,0,,0:42:03,
2523,2498,0,,0:42:04,
2524,2499,0,,0:42:05,
2525,2500,0,,0:42:06,
2526,2501,0,,0:42:07,
2527,2502,0,,0:42:08,
2528,2503,0,,0:42:09,
2529,2504,0,,0:42:10,
2530,2505,0,,0:42:11,
2531,2506,0,,0:42:12,
2532,2507,0,,0:42:13,
2533,2508,0,,0:42:14,
2534,2509,0,,0:42:15,
2535,2510,0,,0:42:16,
2536,2511,1,0.913569868,0:42:17,1
2537,2512,1,0.907546878,0:42:18,1
2538,2513,1,0.868771553,0:42:19,1
2539,2514,1,0.947508276,0:42:20,1
2540,2515,1,0.934910953,0:42:21,1
2541,2516,1,0.917419136,0:42:22,1
2542,2517,1,0.898824334,0:42:23,1
2543,2518,1,0.934630752,0:42:24,1
2544,2519,0,,0:42:25,
2545,2520,0,,0:42:26,
2546,2521,0,,0:42:27,
2547,2522,0,,0:42:28,
2548,2523,0,,0:42:29,
2549,2524,0,,0:42:30,
2550,2525,0,,0:42:31,
2551,2526,0,,0:42:32,
2552,2527,0,,0:42:33,
2553,2528,0,,0:42:34,
2554,2529,0,,0:42:35,
2555,2530,0,,0:42:36,
2556,2531,0,,0:42:37,
2557,2532,0,,0:42:38,
2558,2533,0,,0:42:39,
2559,2534,0,,0:42:40,
2560,2535,0,,0:42:41,
2561,2536,0,,0:42:42,
2562,2537,0,,0:42:43,
2563,2538,0,,0:42:44,
2564,2539,1,0.932597816,0:42:45,0
2565,2540,0,,0:42:46,
2566,2541,0,,0:42:47,
2567,2542,0,,0:42:48,
2568,2543,0,,0:42:49,
2569,2544,0,,0:42:50,
2570,2545,0,,0:42:51,
2571,2546,0,,0:42:52,
2572,2547,0,,0:42:53,
2573,2548,0,,0:42:54,
2574,2549,0,,0:42:55,
2575,2550,0,,0:42:56,
2576,2551,0,,0:42:57,
2577,2552,0,,0:42:58,
2578,2553,0,,0:42:59,
2579,2554,1,0.93402797,0:43:00,1
2580,2555,1,0.93510288,0:43:01,1
2581,2556,1,0.938141108,0:43:02,1
2582,2557,1,0.93936193,0:43:03,1
2583,2558,1,0.939314067,0:43:04,1
2584,2559,1,0.939394295,0:43:05,1
2585,2560,1,0.939422846,0:43:06,1
2586,2561,1,0.94503051,0:43:07,1
2587,2562,1,0.942754388,0:43:08,1
2588,2563,0,,0:43:09,
2589,2564,0,,0:43:10,
2590,2565,0,,0:43:11,
2591,2566,0,,0:43:12,
2592,2567,0,,0:43:13,
2593,2568,0,,0:43:14,
2594,2569,0,,0:43:15,
2595,2570,0,,0:43:16,
2596,2571,0,,0:43:17,
2597,2572,0,,0:43:18,
2598,2573,0,,0:43:19,
2599,2574,0,,0:43:20,
2600,2575,0,,0:43:21,
2601,2576,0,,0:43:22,
2602,2577,0,,0:43:23,
2603,2578,0,,0:43:24,
2604,2579,0,,0:43:25,
2605,2580,0,,0:43:26,
2606,2581,0,,0:43:27,
2607,2582,0,,0:43:28,
2608,2583,0,,0:43:29,
2609,2584,0,,0:43:30,
2610,2585,0,,0:43:31,
2611,2586,0,,0:43:32,
2612,2587,0,,0:43:33,
2613,2588,0,,0:43:34,
2614,2589,0,,0:43:35,
2615,2590,0,,0:43:36,
2616,2591,0,,0:43:37,
2617,2592,0,,0:43:38,
2618,2593,0,,0:43:39,
2619,2594,0,,0:43:40,
2620,2595,0,,0:43:41,
2621,2596,0,,0:43:42,
2622,2597,0,,0:43:43,
2623,2598,1,0.927418828,0:43:44,1
2624,2599,1,0.932854474,0:43:45,1
2625,2600,1,0.942552924,0:43:46,1
2626,2601,1,0.928941846,0:43:47,1
2627,2602,1,0.936807275,0:43:48,1
2628,2603,1,0.929878712,0:43:49,1
2629,2604,1,0.936141968,0:43:50,1
2630,2605,1,0.93836385,0:43:51,1
2631,2606,0,,0:43:52,
2632,2607,0,,0:43:53,
2633,2608,0,,0:43:54,
2634,2609,0,,0:43:55,
2635,2610,0,,0:43:56,
2636,2611,0,,0:43:57,
2637,2612,0,,0:43:58,
2638,2613,0,,0:43:59,
2639,2614,0,,0:44:00,
2640,2615,0,,0:44:01,
2641,2616,0,,0:44:02,
2642,2617,0,,0:44:03,
2643,2618,0,,0:44:04,
2644,2619,0,,0:44:05,
2645,2620,1,0.909317732,0:44:06,0
2646,2621,1,0.898011744,0:44:07,0
2647,2622,1,0.902198851,0:44:08,0
2648,2623,1,0.899190545,0:44:09,0
2649,2624,1,0.900756538,0:44:10,0
2650,2625,0,,0:44:11,
2651,2626,0,,0:44:12,
2652,2627,0,,0:44:13,
2653,2628,0,,0:44:14,
2654,2629,0,,0:44:15,
2655,2630,0,,0:44:16,
2656,2631,0,,0:44:17,
2657,2632,0,,0:44:18,
2658,2633,0,,0:44:19,
2659,2634,0,,0:44:20,
2660,2635,0,,0:44:21,
2661,2636,0,,0:44:22,
2662,2637,0,,0:44:23,
2663,2638,0,,0:44:24,
2664,2639,0,,0:44:25,
2665,2640,0,,0:44:26,
2666,2641,1,0.942024529,0:44:27,1
2667,2642,1,0.942303181,0:44:28,1
2668,2643,1,0.942505598,0:44:29,1
2669,2644,1,0.942164719,0:44:30,1
2670,2645,1,0.938799381,0:44:31,1
2671,2646,1,0.938646019,0:44:32,1
2672,2647,1,0.92984575,0:44:33,1
2673,2648,1,0.924105644,0:44:34,1
2674,2649,1,0.943553627,0:44:35,1
2675,2650,0,,0:44:36,
2676,2651,0,,0:44:37,
2677,2652,0,,0:44:38,
2678,2653,0,,0:44:39,
2679,2654,0,,0:44:40,
2680,2655,0,,0:44:41,
2681,2656,0,,0:44:42,
2682,2657,0,,0:44:43,
2683,2658,0,,0:44:44,
2684,2659,0,,0:44:45,
2685,2660,0,,0:44:46,
2686,2661,0,,0:44:47,
2687,2662,0,,0:44:48,
2688,2663,0,,0:44:49,
2689,2664,0,,0:44:50,
2690,2665,0,,0:44:51,
2691,2666,0,,0:44:52,
2692,2667,0,,0:44:53,
2693,2668,0,,0:44:54,
2694,2669,0,,0:44:55,
2695,2670,0,,0:44:56,
2696,2671,0,,0:44:57,
2697,2672,0,,0:44:58,
2698,2673,0,,0:44:59,
2699,2674,0,,0:45:00,
2700,2675,0,,0:45:01,
2701,2676,0,,0:45:02,
2702,2677,0,,0:45:03,
2703,2678,0,,0:45:04,
2704,2679,0,,0:45:05,
2705,2680,0,,0:45:06,
2706,2681,0,,0:45:07,
2707,2682,0,,0:45:08,
2708,2683,0,,0:45:09,
2709,2684,0,,0:45:10,
2710,2685,1,0.946467102,0:45:11,1
2711,2686,1,0.951748848,0:45:12,1
2712,2687,1,0.950921178,0:45:13,1
2713,2688,1,0.952541053,0:45:14,1
2714,2689,1,0.953378737,0:45:15,1
2715,2690,1,0.949419558,0:45:16,1
2716,2691,1,0.947661221,0:45:17,1
2717,2692,1,0.948596299,0:45:18,1
2718,2693,0,,0:45:19,
2719,2694,0,,0:45:20,
2720,2695,0,,0:45:21,
2721,2696,0,,0:45:22,
2722,2697,1,0.820119262,0:45:23,0
2723,2698,0,,0:45:24,
2724,2699,1,0.819593728,0:45:25,0
2725,2700,1,0.809053719,0:45:26,0
2726,2701,0,,0:45:27,
2727,2702,0,,0:45:28,
2728,2703,0,,0:45:29,
2729,2704,0,,0:45:30,
2730,2705,0,,0:45:31,
2731,2706,1,0.810778141,0:45:32,0
2732,2707,0,,0:45:33,
2733,2708,0,,0:45:34,
2734,2709,0,,0:45:35,
2735,2710,0,,0:45:36,
2736,2711,0,,0:45:37,
2737,2712,0,,0:45:38,
2738,2713,0,,0:45:39,
2739,2714,0,,0:45:40,
2740,2715,0,,0:45:41,
2741,2716,0,,0:45:42,
2742,2717,0,,0:45:43,
2743,2718,0,,0:45:44,
2744,2719,0,,0:45:45,
2745,2720,1,0.803289235,0:45:46,0
2746,2721,0,,0:45:47,
2747,2722,0,,0:45:48,
2748,2723,0,,0:45:49,
2749,2724,0,,0:45:50,
2750,2725,0,,0:45:51,
2751,2726,1,0.80546385,0:45:52,0
2752,2727,0,,0:45:53,
2753,2728,1,0.903573751,0:45:54,1
2754,2729,1,0.877025187,0:45:55,1
2755,2730,1,0.890602887,0:45:56,1
2756,2731,1,0.904073417,0:45:57,1
2757,2732,1,0.939933121,0:45:58,1
2758,2733,1,0.947639465,0:45:59,1
2759,2734,1,0.891102374,0:46:00,1
2760,2735,1,0.928162575,0:46:01,1
2761,2736,1,0.936809778,0:46:02,1
2762,2737,0,,0:46:03,
2763,2738,0,,0:46:04,
2764,2739,0,,0:46:05,
2765,2740,0,,0:46:06,
2766,2741,0,,0:46:07,
2767,2742,0,,0:46:08,
2768,2743,0,,0:46:09,
2769,2744,0,,0:46:10,
2770,2745,0,,0:46:11,
2771,2746,0,,0:46:12,
2772,2747,0,,0:46:13,
2773,2748,0,,0:46:14,
2774,2749,0,,0:46:15,
2775,2750,0,,0:46:16,
2776,2751,0,,0:46:17,
2777,2752,0,,0:46:18,
2778,2753,0,,0:46:19,
2779,2754,0,,0:46:20,
2780,2755,0,,0:46:21,
2781,2756,0,,0:46:22,
2782,2757,0,,0:46:23,
2783,2758,0,,0:46:24,
2784,2759,0,,0:46:25,
2785,2760,0,,0:46:26,
2786,2761,0,,0:46:27,
2787,2762,0,,0:46:28,
2788,2763,0,,0:46:29,
2789,2764,0,,0:46:30,
2790,2765,0,,0:46:31,
2791,2766,0,,0:46:32,
2792,2767,0,,0:46:33,
2793,2768,0,,0:46:34,
2794,2769,0,,0:46:35,
2795,2770,0,,0:46:36,
2796,2771,0,,0:46:37,
2797,2772,1,0.889131784,0:46:38,1
2798,2773,1,0.895467043,0:46:39,1
2799,2774,1,0.88232547,0:46:40,1
2800,2775,1,0.883919954,0:46:41,1
2801,2776,1,0.894836128,0:46:42,1
2802,2777,1,0.894235909,0:46:43,1
2803,2778,1,0.891450942,0:46:44,1
2804,2779,1,0.889557004,0:46:45,1
2805,2780,0,,0:46:46,
2806,2781,0,,0:46:47,
2807,2782,0,,0:46:48,
2808,2783,0,,0:46:49,
2809,2784,0,,0:46:50,
2810,2785,0,,0:46:51,
2811,2786,0,,0:46:52,
2812,2787,0,,0:46:53,
2813,2788,0,,0:46:54,
2814,2789,0,,0:46:55,
2815,2790,0,,0:46:56,
2816,2791,0,,0:46:57,
2817,2792,0,,0:46:58,
2818,2793,0,,0:46:59,
2819,2794,0,,0:47:00,
2820,2795,0,,0:47:01,
2821,2796,0,,0:47:02,
2822,2797,0,,0:47:03,
2823,2798,0,,0:47:04,
2824,2799,0,,0:47:05,
2825,2800,0,,0:47:06,
2826,2801,0,,0:47:07,
2827,2802,0,,0:47:08,
2828,2803,0,,0:47:09,
2829,2804,0,,0:47:10,
2830,2805,0,,0:47:11,
2831,2806,0,,0:47:12,
2832,2807,0,,0:47:13,
2833,2808,0,,0:47:14,
2834,2809,0,,0:47:15,
2835,2810,0,,0:47:16,
2836,2811,0,,0:47:17,
2837,2812,0,,0:47:18,
2838,2813,0,,0:47:19,
2839,2814,0,,0:47:20,
2840,2815,1,0.958171546,0:47:21,1
2841,2816,1,0.961185634,0:47:22,1
2842,2817,1,0.960547805,0:47:23,1
2843,2818,1,0.959381223,0:47:24,1
2844,2819,1,0.959109962,0:47:25,1
2845,2820,1,0.959243,0:47:26,1
2846,2821,1,0.959364891,0:47:27,1
2847,2822,1,0.96193862,0:47:28,1
2848,2823,1,0.963112295,0:47:29,1
2849,2824,0,,0:47:30,
2850,2825,0,,0:47:31,
2851,2826,0,,0:47:32,
2852,2827,0,,0:47:33,
2853,2828,0,,0:47:34,
2854,2829,0,,0:47:35,
2855,2830,0,,0:47:36,
2856,2831,0,,0:47:37,
2857,2832,0,,0:47:38,
2858,2833,0,,0:47:39,
2859,2834,0,,0:47:40,
2860,2835,0,,0:47:41,
2861,2836,0,,0:47:42,
2862,2837,0,,0:47:43,
2863,2838,0,,0:47:44,
2864,2839,0,,0:47:45,
2865,2840,0,,0:47:46,
2866,2841,0,,0:47:47,
2867,2842,1,0.876620531,0:47:48,0
2868,2843,0,,0:47:49,
2869,2844,0,,0:47:50,
2870,2845,0,,0:47:51,
2871,2846,0,,0:47:52,
2872,2847,0,,0:47:53,
2873,2848,0,,0:47:54,
2874,2849,0,,0:47:55,
2875,2850,0,,0:47:56,
2876,2851,0,,0:47:57,
2877,2852,0,,0:47:58,
2878,2853,0,,0:47:59,
2879,2854,0,,0:48:00,
2880,2855,0,,0:48:01,
2881,2856,1,0.857166529,0:48:02,0
2882,2857,0,,0:48:03,
2883,2858,1,0.930424809,0:48:04,1
2884,2859,1,0.926162839,0:48:05,1
2885,2860,1,0.922648668,0:48:06,1
2886,2861,1,0.935874283,0:48:07,1
2887,2862,1,0.918855131,0:48:08,1
2888,2863,1,0.939612865,0:48:09,1
2889,2864,1,0.953834057,0:48:10,1
2890,2865,1,0.950575054,0:48:11,1
2891,2866,1,0.949588537,0:48:12,1
2892,2867,0,,0:48:13,
2893,2868,0,,0:48:14,
2894,2869,0,,0:48:15,
2895,2870,0,,0:48:16,
2896,2871,0,,0:48:17,
2897,2872,0,,0:48:18,
2898,2873,0,,0:48:19,
2899,2874,0,,0:48:20,
2900,2875,0,,0:48:21,
2901,2876,0,,0:48:22,
2902,2877,0,,0:48:23,
2903,2878,0,,0:48:24,
2904,2879,0,,0:48:25,
2905,2880,0,,0:48:26,
2906,2881,0,,0:48:27,
2907,2882,0,,0:48:28,
2908,2883,0,,0:48:29,
2909,2884,0,,0:48:30,
2910,2885,0,,0:48:31,
2911,2886,0,,0:48:32,
2912,2887,0,,0:48:33,
2913,2888,0,,0:48:34,
2914,2889,0,,0:48:35,
2915,2890,0,,0:48:36,
2916,2891,0,,0:48:37,
2917,2892,0,,0:48:38,
2918,2893,0,,0:48:39,
2919,2894,0,,0:48:40,
2920,2895,0,,0:48:41,
2921,2896,1,0.903631568,0:48:42,0
2922,2897,1,0.90830487,0:48:43,0
2923,2898,1,0.832607329,0:48:44,0
2924,2899,0,,0:48:45,
2925,2900,0,,0:48:46,
2926,2901,0,,0:48:47,
2927,2902,1,0.917982221,0:48:48,1
2928,2903,1,0.946107149,0:48:49,1
2929,2904,1,0.951340139,0:48:50,1
2930,2905,1,0.939611793,0:48:51,1
2931,2906,1,0.943081379,0:48:52,1
2932,2907,1,0.943433642,0:48:53,1
2933,2908,1,0.942924678,0:48:54,1
2934,2909,1,0.941569686,0:48:55,1
2935,2910,1,0.946170092,0:48:56,1
2936,2911,0,,0:48:57,
2937,2912,0,,0:48:58,
2938,2913,0,,0:48:59,
2939,2914,0,,0:49:00,
2940,2915,0,,0:49:01,
2941,2916,0,,0:49:02,
2942,2917,0,,0:49:03,
2943,2918,0,,0:49:04,
2944,2919,0,,0:49:05,
2945,2920,0,,0:49:06,
2946,2921,1,0.815680802,0:49:07,0
2947,2922,1,0.846714079,0:49:08,0
2948,2923,1,0.823664427,0:49:09,0
2949,2924,0,,0:49:10,
2950,2925,0,,0:49:11,
2951,2926,0,,0:49:12,
2952,2927,0,,0:49:13,
2953,2928,0,,0:49:14,
2954,2929,0,,0:49:15,
2955,2930,0,,0:49:16,
2956,2931,0,,0:49:17,
2957,2932,0,,0:49:18,
2958,2933,0,,0:49:19,
2959,2934,0,,0:49:20,
2960,2935,0,,0:49:21,
2961,2936,0,,0:49:22,
2962,2937,0,,0:49:23,
2963,2938,0,,0:49:24,
2964,2939,0,,0:49:25,
2965,2940,0,,0:49:26,
2966,2941,0,,0:49:27,
2967,2942,0,,0:49:28,
2968,2943,0,,0:49:29,
2969,2944,0,,0:49:30,
2970,2945,1,0.850343406,0:49:31,1
2971,2946,1,0.937972188,0:49:32,1
2972,2947,1,0.937654018,0:49:33,1
2973,2948,1,0.937043786,0:49:34,1
2974,2949,1,0.93693924,0:49:35,1
2975,2950,1,0.938082874,0:49:36,1
2976,2951,1,0.937761426,0:49:37,1
2977,2952,1,0.937479615,0:49:38,1
2978,2953,1,0.937340617,0:49:39,1
2979,2954,0,,0:49:40,
2980,2955,0,,0:49:41,
2981,2956,0,,0:49:42,
2982,2957,0,,0:49:43,
2983,2958,0,,0:49:44,
2984,2959,0,,0:49:45,
2985,2960,0,,0:49:46,
2986,2961,0,,0:49:47,
2987,2962,0,,0:49:48,
2988,2963,0,,0:49:49,
2989,2964,0,,0:49:50,
2990,2965,0,,0:49:51,
2991,2966,0,,0:49:52,
2992,2967,0,,0:49:53,
2993,2968,0,,0:49:54,
2994,2969,0,,0:49:55,
2995,2970,0,,0:49:56,
2996,2971,0,,0:49:57,
2997,2972,0,,0:49:58,
2998,2973,0,,0:49:59,
2999,2974,0,,0:50:00,
3000,2975,0,,0:50:01,
3001,2976,0,,0:50:02,
3002,2977,0,,0:50:03,
3003,2978,0,,0:50:04,
3004,2979,0,,0:50:05,
3005,2980,0,,0:50:06,
3006,2981,0,,0:50:07,
3007,2982,0,,0:50:08,
3008,2983,0,,0:50:09,
3009,2984,0,,0:50:10,
3010,2985,0,,0:50:11,
3011,2986,0,,0:50:12,
3012,2987,0,,0:50:13,
3013,2988,0,,0:50:14,
3014,2989,1,0.937868059,0:50:15,1
3015,2990,1,0.937140405,0:50:16,1
3016,2991,1,0.937102377,0:50:17,1
3017,2992,1,0.937235653,0:50:18,1
3018,2993,1,0.937985122,0:50:19,1
3019,2994,1,0.93738544,0:50:20,1
3020,2995,1,0.937633157,0:50:21,1
3021,2996,1,0.937081277,0:50:22,1
3022,2997,1,0.939575076,0:50:23,1
3023,2998,0,,0:50:24,
3024,2999,0,,0:50:25,
3025,3000,1,0.802189529,0:50:26,0
3026,3001,0,,0:50:27,
3027,3002,0,,0:50:28,
3028,3003,0,,0:50:29,
3029,3004,0,,0:50:30,
3030,3005,0,,0:50:31,
3031,3006,0,,0:50:32,
3032,3007,0,,0:50:33,
3033,3008,0,,0:50:34,
3034,3009,0,,0:50:35,
3035,3010,0,,0:50:36,
3036,3011,0,,0:50:37,
3037,3012,0,,0:50:38,
3038,3013,0,,0:50:39,
3039,3014,0,,0:50:40,
3040,3015,0,,0:50:41,
3041,3016,0,,0:50:42,
3042,3017,0,,0:50:43,
3043,3018,0,,0:50:44,
3044,3019,0,,0:50:45,
3045,3020,0,,0:50:46,
3046,3021,0,,0:50:47,
3047,3022,0,,0:50:48,
3048,3023,0,,0:50:49,
3049,3024,0,,0:50:50,
3050,3025,0,,0:50:51,
3051,3026,0,,0:50:52,
3052,3027,0,,0:50:53,
3053,3028,0,,0:50:54,
3054,3029,0,,0:50:55,
3055,3030,0,,0:50:56,
3056,3031,0,,0:50:57,
3057,3032,1,0.840084553,0:50:58,1
3058,3033,1,0.938316405,0:50:59,1
3059,3034,1,0.937095881,0:51:00,1
3060,3035,1,0.937126815,0:51:01,1
3061,3036,1,0.93703562,0:51:02,1
3062,3037,1,0.936998367,0:51:03,1
3063,3038,1,0.936802447,0:51:04,1
3064,3039,1,0.936865032,0:51:05,1
3065,3040,1,0.937838614,0:51:06,1
3066,3041,0,,0:51:07,
3067,3042,0,,0:51:08,
3068,3043,0,,0:51:09,
3069,3044,0,,0:51:10,
3070,3045,0,,0:51:11,
3071,3046,0,,0:51:12,
3072,3047,0,,0:51:13,
3073,3048,0,,0:51:14,
3074,3049,0,,0:51:15,
3075,3050,0,,0:51:16,
3076,3051,0,,0:51:17,
3077,3052,0,,0:51:18,
3078,3053,0,,0:51:19,
3079,3054,0,,0:51:20,
3080,3055,0,,0:51:21,
3081,3056,0,,0:51:22,
3082,3057,0,,0:51:23,
3083,3058,0,,0:51:24,
3084,3059,0,,0:51:25,
3085,3060,0,,0:51:26,
3086,3061,0,,0:51:27,
3087,3062,0,,0:51:28,
3088,3063,0,,0:51:29,
3089,3064,0,,0:51:30,
3090,3065,0,,0:51:31,
3091,3066,0,,0:51:32,
3092,3067,0,,0:51:33,
3093,3068,0,,0:51:34,
3094,3069,0,,0:51:35,
3095,3070,0,,0:51:36,
3096,3071,0,,0:51:37,
3097,3072,0,,0:51:38,
3098,3073,0,,0:51:39,
3099,3074,0,,0:51:40,
3100,3075,0,,0:51:41,
3101,3076,1,0.937692642,0:51:42,1
3102,3077,1,0.937837839,0:51:43,1
3103,3078,1,0.936705828,0:51:44,1
3104,3079,1,0.936694384,0:51:45,1
3105,3080,1,0.936957538,0:51:46,1
3106,3081,1,0.936772227,0:51:47,1
3107,3082,1,0.936948299,0:51:48,1
3108,3083,1,0.936924994,0:51:49,1
3109,3084,1,0.939977169,0:51:50,1
3110,3085,0,,0:51:51,
3111,3086,0,,0:51:52,
3112,3087,0,,0:51:53,
3113,3088,0,,0:51:54,
3114,3089,0,,0:51:55,
3115,3090,0,,0:51:56,
3116,3091,0,,0:51:57,
3117,3092,0,,0:51:58,
3118,3093,0,,0:51:59,
3119,3094,0,,0:52:00,
3120,3095,0,,0:52:01,
3121,3096,0,,0:52:02,
3122,3097,0,,0:52:03,
3123,3098,0,,0:52:04,
3124,3099,0,,0:52:05,
3125,3100,0,,0:52:06,
3126,3101,0,,0:52:07,
3127,3102,0,,0:52:08,
3128,3103,0,,0:52:09,
3129,3104,0,,0:52:10,
3130,3105,0,,0:52:11,
3131,3106,0,,0:52:12,
3132,3107,0,,0:52:13,
3133,3108,0,,0:52:14,
3134,3109,0,,0:52:15,
3135,3110,0,,0:52:16,
3136,3111,0,,0:52:17,
3137,3112,0,,0:52:18,
3138,3113,0,,0:52:19,
3139,3114,0,,0:52:20,
3140,3115,0,,0:52:21,
3141,3116,0,,0:52:22,
3142,3117,0,,0:52:23,
3143,3118,0,,0:52:24,
3144,3119,1,0.838831782,0:52:25,1
3145,3120,1,0.93777746,0:52:26,1
3146,3121,1,0.937803566,0:52:27,1
3147,3122,1,0.937283874,0:52:28,1
3148,3123,1,0.937130153,0:52:29,1
3149,3124,1,0.937202692,0:52:30,1
3150,3125,1,0.937329173,0:52:31,1
3151,3126,1,0.93722111,0:52:32,1
3152,3127,1,0.937187314,0:52:33,1
3153,3128,0,,0:52:34,
3154,3129,0,,0:52:35,
3155,3130,0,,0:52:36,
3156,3131,0,,0:52:37,
3157,3132,0,,0:52:38,
3158,3133,0,,0:52:39,
3159,3134,0,,0:52:40,
3160,3135,0,,0:52:41,
3161,3136,0,,0:52:42,
3162,3137,0,,0:52:43,
3163,3138,0,,0:52:44,
3164,3139,0,,0:52:45,
3165,3140,1,0.829713762,0:52:46,0
3166,3141,1,0.828514457,0:52:47,0
3167,3142,1,0.831542909,0:52:48,0
3168,3143,1,0.830056548,0:52:49,0
3169,3144,1,0.829908669,0:52:50,0
3170,3145,1,0.836085439,0:52:51,0
3171,3146,1,0.832219303,0:52:52,0
3172,3147,1,0.833024204,0:52:53,0
3173,3148,1,0.836217046,0:52:54,0
3174,3149,1,0.8418172,0:52:55,0
3175,3150,0,,0:52:56,
3176,3151,0,,0:52:57,
3177,3152,0,,0:52:58,
3178,3153,0,,0:52:59,
3179,3154,0,,0:53:00,
3180,3155,1,0.889644921,0:53:01,0
3181,3156,1,0.890561283,0:53:02,0
3182,3157,0,,0:53:03,
3183,3158,0,,0:53:04,
3184,3159,0,,0:53:05,
3185,3160,0,,0:53:06,
3186,3161,1,0.82506758,0:53:07,0
3187,3162,1,0.825926363,0:53:08,0
3188,3163,1,0.935724497,0:53:09,1
3189,3164,1,0.9374156,0:53:10,1
3190,3165,1,0.937184274,0:53:11,1
3191,3166,1,0.941426933,0:53:12,1
3192,3167,1,0.939214051,0:53:13,1
3193,3168,1,0.939207733,0:53:14,1
3194,3169,1,0.939947844,0:53:15,1
3195,3170,1,0.935855269,0:53:16,1
3196,3171,1,0.937757015,0:53:17,1
3197,3172,1,0.928253472,0:53:18,1
3198,3173,1,0.93037796,0:53:19,1
3199,3174,1,0.934723079,0:53:20,0
3200,3175,1,0.934696853,0:53:21,0
3201,3176,1,0.930952489,0:53:22,0
3202,3177,1,0.940681815,0:53:23,0
3203,3178,1,0.940162122,0:53:24,0
3204,3179,1,0.939024806,0:53:25,0
3205,3180,1,0.802764356,0:53:26,0
3206,3181,1,0.840294659,0:53:27,0
3207,3182,1,0.807660103,0:53:28,0
3208,3183,0,,0:53:29,
3209,3184,0,,0:53:30,
3210,3185,0,,0:53:31,
3211,3186,0,,0:53:32,
3212,3187,0,,0:53:33,
3213,3188,0,,0:53:34,
3214,3189,0,,0:53:35,
3215,3190,0,,0:53:36,
3216,3191,0,,0:53:37,
3217,3192,1,0.823262274,0:53:38,0
3218,3193,0,,0:53:39,
3219,3194,1,0.840913117,0:53:40,0
3220,3195,0,,0:53:41,
3221,3196,0,,0:53:42,
3222,3197,0,,0:53:43,
3223,3198,0,,0:53:44,
3224,3199,0,,0:53:45,
3225,3200,0,,0:53:46,
3226,3201,0,,0:53:47,
3227,3202,0,,0:53:48,
3228,3203,0,,0:53:49,
3229,3204,1,0.862286687,0:53:50,0
3230,3205,1,0.882458091,0:53:51,0
3231,3206,1,0.888535798,0:53:52,0
3232,3207,1,0.947658241,0:53:53,1
3233,3208,1,0.941539228,0:53:54,1
3234,3209,1,0.939550638,0:53:55,1
3235,3210,1,0.94837904,0:53:56,1
3236,3211,1,0.955928504,0:53:57,1
3237,3212,1,0.954692185,0:53:58,1
3238,3213,1,0.956648231,0:53:59,1
3239,3214,1,0.953402936,0:54:00,1
3240,3215,1,0.83167547,0:54:01,0
3241,3216,1,0.81755513,0:54:02,0
3242,3217,1,0.818395972,0:54:03,0
3243,3218,1,0.812573135,0:54:04,0
3244,3219,1,0.8125121,0:54:05,0
3245,3220,0,,0:54:06,
3246,3221,0,,0:54:07,
3247,3222,0,,0:54:08,
3248,3223,0,,0:54:09,
3249,3224,0,,0:54:10,
3250,3225,0,,0:54:11,
3251,3226,0,,0:54:12,
3252,3227,0,,0:54:13,
3253,3228,0,,0:54:14,
3254,3229,0,,0:54:15,
3255,3230,1,0.839388609,0:54:16,0
3256,3231,0,,0:54:17,
3257,3232,0,,0:54:18,
3258,3233,1,0.811906397,0:54:19,0
3259,3234,0,,0:54:20,
3260,3235,0,,0:54:21,
3261,3236,0,,0:54:22,
3262,3237,0,,0:54:23,
3263,3238,0,,0:54:24,
3264,3239,0,,0:54:25,
3265,3240,0,,0:54:26,
3266,3241,0,,0:54:27,
3267,3242,0,,0:54:28,
3268,3243,0,,0:54:29,
3269,3244,0,,0:54:30,
3270,3245,1,0.809032798,0:54:31,0
3271,3246,0,,0:54:32,
3272,3247,0,,0:54:33,
3273,3248,0,,0:54:34,
3274,3249,1,0.803274095,0:54:35,0
3275,3250,1,0.936036646,0:54:36,1
3276,3251,1,0.939125299,0:54:37,1
3277,3252,1,0.940880239,0:54:38,1
3278,3253,1,0.940935433,0:54:39,1
3279,3254,1,0.940967619,0:54:40,1
3280,3255,1,0.939475,0:54:41,1
3281,3256,1,0.937076032,0:54:42,1
3282,3257,1,0.938944519,0:54:43,1
3283,3258,1,0.942430437,0:54:44,1
3284,3259,0,,0:54:45,
3285,3260,0,,0:54:46,
3286,3261,0,,0:54:47,
3287,3262,0,,0:54:48,
3288,3263,0,,0:54:49,
3289,3264,0,,0:54:50,
3290,3265,0,,0:54:51,
3291,3266,0,,0:54:52,
3292,3267,1,0.838847101,0:54:53,0
3293,3268,1,0.847605348,0:54:54,0
3294,3269,1,0.84864068,0:54:55,0
3295,3270,1,0.856385887,0:54:56,0
3296,3271,1,0.870291352,0:54:57,0
3297,3272,1,0.86886704,0:54:58,0
3298,3273,1,0.854218304,0:54:59,0
3299,3274,0,,0:55:00,
3300,3275,0,,0:55:01,
3301,3276,1,0.834666669,0:55:02,0
3302,3277,0,,0:55:03,
3303,3278,0,,0:55:04,
3304,3279,0,,0:55:05,
3305,3280,0,,0:55:06,
3306,3281,0,,0:55:07,
3307,3282,0,,0:55:08,
3308,3283,0,,0:55:09,
3309,3284,0,,0:55:10,
3310,3285,1,0.867328227,0:55:11,0
3311,3286,1,0.875263333,0:55:12,0
3312,3287,1,0.871796846,0:55:13,0
3313,3288,1,0.868634462,0:55:14,0
3314,3289,0,,0:55:15,
3315,3290,0,,0:55:16,
3316,3291,0,,0:55:17,
3317,3292,1,0.908856153,0:55:18,1
3318,3293,1,0.90309459,0:55:19,1
3319,3294,1,0.90236491,0:55:20,1
3320,3295,1,0.909337938,0:55:21,1
3321,3296,1,0.908967853,0:55:22,1
3322,3297,1,0.908106863,0:55:23,1
3323,3298,1,0.906040072,0:55:24,1
3324,3299,1,0.953072071,0:55:25,1
3325,3300,1,0.953933001,0:55:26,1
3326,3301,1,0.953883171,0:55:27,1
3327,3302,0,,0:55:28,
3328,3303,0,,0:55:29,
3329,3304,0,,0:55:30,
3330,3305,0,,0:55:31,
3331,3306,1,0.807162762,0:55:32,0
3332,3307,1,0.806174815,0:55:33,0
3333,3308,0,,0:55:34,
3334,3309,1,0.803815365,0:55:35,0
3335,3310,0,,0:55:36,
3336,3311,0,,0:55:37,
3337,3312,0,,0:55:38,
3338,3313,0,,0:55:39,
3339,3314,0,,0:55:40,
3340,3315,0,,0:55:41,
3341,3316,0,,0:55:42,
3342,3317,0,,0:55:43,
3343,3318,0,,0:55:44,
3344,3319,0,,0:55:45,
3345,3320,0,,0:55:46,
3346,3321,0,,0:55:47,
3347,3322,0,,0:55:48,
3348,3323,0,,0:55:49,
3349,3324,0,,0:55:50,
3350,3325,0,,0:55:51,
3351,3326,0,,0:55:52,
3352,3327,0,,0:55:53,
3353,3328,0,,0:55:54,
3354,3329,0,,0:55:55,
3355,3330,0,,0:55:56,
3356,3331,0,,0:55:57,
3357,3332,0,,0:55:58,
3358,3333,0,,0:55:59,
3359,3334,0,,0:56:00,
3360,3335,0,,0:56:01,
3361,3336,0,,0:56:02,
3362,3337,1,0.91470015,0:56:03,1
3363,3338,1,0.919728458,0:56:04,1
3364,3339,1,0.936906457,0:56:05,1
3365,3340,1,0.956929564,0:56:06,1
3366,3341,1,0.950574398,0:56:07,1
3367,3342,1,0.920351684,0:56:08,1
3368,3343,1,0.926543176,0:56:09,1
3369,3344,1,0.908023894,0:56:10,1
3370,3345,1,0.917402744,0:56:11,1
3371,3346,0,,0:56:12,
3372,3347,1,0.875049889,0:56:13,0
3373,3348,0,,0:56:14,
3374,3349,0,,0:56:15,
3375,3350,0,,0:56:16,
3376,3351,0,,0:56:17,
3377,3352,0,,0:56:18,
3378,3353,0,,0:56:19,
3379,3354,0,,0:56:20,
3380,3355,1,0.815506637,0:56:21,0
3381,3356,0,,0:56:22,
3382,3357,0,,0:56:23,
3383,3358,0,,0:56:24,
3384,3359,0,,0:56:25,
3385,3360,0,,0:56:26,
3386,3361,0,,0:56:27,
3387,3362,0,,0:56:28,
3388,3363,0,,0:56:29,
3389,3364,0,,0:56:30,
3390,3365,0,,0:56:31,
3391,3366,0,,0:56:32,
3392,3367,0,,0:56:33,
3393,3368,0,,0:56:34,
3394,3369,0,,0:56:35,
3395,3370,0,,0:56:36,
3396,3371,0,,0:56:37,
3397,3372,0,,0:56:38,
3398,3373,0,,0:56:39,
3399,3374,0,,0:56:40,
3400,3375,0,,0:56:41,
3401,3376,0,,0:56:42,
3402,3377,0,,0:56:43,
3403,3378,0,,0:56:44,
3404,3379,0,,0:56:45,
3405,3380,0,,0:56:46,
3406,3381,1,0.918022215,0:56:47,1
3407,3382,1,0.885499835,0:56:48,1
3408,3383,1,0.926607072,0:56:49,1
3409,3384,1,0.894385695,0:56:50,1
3410,3385,1,0.941589117,0:56:51,1
3411,3386,1,0.889674664,0:56:52,1
3412,3387,1,0.903118789,0:56:53,1
3413,3388,1,0.911540568,0:56:54,1
3414,3389,0,,0:56:55,
3415,3390,0,,0:56:56,
3416,3391,0,,0:56:57,
3417,3392,0,,0:56:58,
3418,3393,0,,0:56:59,
3419,3394,0,,0:57:00,
3420,3395,0,,0:57:01,
3421,3396,0,,0:57:02,
3422,3397,0,,0:57:03,
3423,3398,1,0.857243955,0:57:04,0
3424,3399,1,0.802128613,0:57:05,0
3425,3400,0,,0:57:06,
3426,3401,0,,0:57:07,
3427,3402,0,,0:57:08,
3428,3403,0,,0:57:09,
3429,3404,0,,0:57:10,
3430,3405,0,,0:57:11,
3431,3406,0,,0:57:12,
3432,3407,0,,0:57:13,
3433,3408,0,,0:57:14,
3434,3409,0,,0:57:15,
3435,3410,0,,0:57:16,
3436,3411,0,,0:57:17,
3437,3412,0,,0:57:18,
3438,3413,0,,0:57:19,
3439,3414,0,,0:57:20,
3440,3415,0,,0:57:21,
3441,3416,0,,0:57:22,
3442,3417,0,,0:57:23,
3443,3418,0,,0:57:24,
3444,3419,0,,0:57:25,
3445,3420,0,,0:57:26,
3446,3421,0,,0:57:27,
3447,3422,0,,0:57:28,
3448,3423,0,,0:57:29,
3449,3424,1,0.933496535,0:57:30,1
3450,3425,1,0.945093036,0:57:31,1
3451,3426,1,0.945043743,0:57:32,1
3452,3427,1,0.943549633,0:57:33,1
3453,3428,1,0.92908901,0:57:34,1
3454,3429,1,0.891864955,0:57:35,1
3455,3430,1,0.949785173,0:57:36,1
3456,3431,1,0.948906183,0:57:37,1
3457,3432,1,0.943572879,0:57:38,1
3458,3433,0,,0:57:39,
3459,3434,0,,0:57:40,
3460,3435,0,,0:57:41,
3461,3436,0,,0:57:42,
3462,3437,0,,0:57:43,
3463,3438,0,,0:57:44,
3464,3439,0,,0:57:45,
3465,3440,0,,0:57:46,
3466,3441,0,,0:57:47,
3467,3442,0,,0:57:48,
3468,3443,0,,0:57:49,
3469,3444,1,0.907811999,0:57:50,0
3470,3445,1,0.812439084,0:57:51,0
3471,3446,0,,0:57:52,
3472,3447,0,,0:57:53,
3473,3448,0,,0:57:54,
3474,3449,0,,0:57:55,
3475,3450,0,,0:57:56,
3476,3451,0,,0:57:57,
3477,3452,0,,0:57:58,
3478,3453,0,,0:57:59,
3479,3454,0,,0:58:00,
3480,3455,0,,0:58:01,
3481,3456,0,,0:58:02,
3482,3457,0,,0:58:03,
3483,3458,0,,0:58:04,
3484,3459,0,,0:58:05,
3485,3460,0,,0:58:06,
3486,3461,0,,0:58:07,
3487,3462,0,,0:58:08,
3488,3463,0,,0:58:09,
3489,3464,0,,0:58:10,
3490,3465,0,,0:58:11,
3491,3466,0,,0:58:12,
3492,3467,1,0.836984515,0:58:13,1
3493,3468,1,0.944600105,0:58:14,1
3494,3469,1,0.945700109,0:58:15,1
3495,3470,1,0.942988217,0:58:16,1
3496,3471,1,0.951570868,0:58:17,1
3497,3472,1,0.950278461,0:58:18,1
3498,3473,1,0.937538087,0:58:19,1
3499,3474,1,0.922650993,0:58:20,1
3500,3475,1,0.936810434,0:58:21,1
3501,3476,0,,0:58:22,
3502,3477,0,,0:58:23,
3503,3478,0,,0:58:24,
3504,3479,0,,0:58:25,
3505,3480,1,0.865546167,0:58:26,0
3506,3481,0,,0:58:27,
3507,3482,0,,0:58:28,
3508,3483,0,,0:58:29,
3509,3484,0,,0:58:30,
3510,3485,0,,0:58:31,
3511,3486,0,,0:58:32,
3512,3487,0,,0:58:33,
3513,3488,1,0.912895143,0:58:34,0
3514,3489,1,0.901380479,0:58:35,0
3515,3490,1,0.928204179,0:58:36,0
3516,3491,1,0.933628976,0:58:37,0
3517,3492,1,0.90021497,0:58:38,0
3518,3493,1,0.903025329,0:58:39,0
3519,3494,1,0.902544737,0:58:40,0
3520,3495,1,0.902622104,0:58:41,0
3521,3496,1,0.89461565,0:58:42,0
3522,3497,1,0.894465506,0:58:43,0
3523,3498,0,,0:58:44,
3524,3499,0,,0:58:45,
3525,3500,0,,0:58:46,
3526,3501,1,0.806468844,0:58:47,0
3527,3502,1,0.812227845,0:58:48,0
3528,3503,1,0.814234018,0:58:49,0
3529,3504,1,0.822420955,0:58:50,0
3530,3505,1,0.821114242,0:58:51,0
3531,3506,1,0.810395956,0:58:52,0
3532,3507,1,0.809479296,0:58:53,0
3533,3508,1,0.814796448,0:58:54,0
3534,3509,1,0.820610046,0:58:55,0
3535,3510,1,0.829231739,0:58:56,0
3536,3511,1,0.952885151,0:58:57,1
3537,3512,1,0.942153215,0:58:58,1
3538,3513,1,0.94182992,0:58:59,1
3539,3514,1,0.943077326,0:59:00,1
3540,3515,1,0.939233303,0:59:01,1
3541,3516,1,0.93890667,0:59:02,1
3542,3517,1,0.938976943,0:59:03,1
3543,3518,1,0.939100921,0:59:04,1
3544,3519,1,0.933251202,0:59:05,1
3545,3520,0,,0:59:06,
3546,3521,0,,0:59:07,
3547,3522,0,,0:59:08,
3548,3523,0,,0:59:09,
3549,3524,0,,0:59:10,
3550,3525,0,,0:59:11,
3551,3526,0,,0:59:12,
3552,3527,0,,0:59:13,
3553,3528,0,,0:59:14,
3554,3529,0,,0:59:15,
3555,3530,1,0.8378793,0:59:16,0
3556,3531,1,0.824138641,0:59:17,0
3557,3532,1,0.828781009,0:59:18,0
3558,3533,1,0.831991732,0:59:19,0
3559,3534,1,0.841328263,0:59:20,0
3560,3535,1,0.847865283,0:59:21,0
3561,3536,1,0.85209918,0:59:22,0
3562,3537,1,0.842382967,0:59:23,0
3563,3538,1,0.831348658,0:59:24,0
3564,3539,1,0.824281394,0:59:25,0
3565,3540,1,0.847556233,0:59:26,0
3566,3541,1,0.824234128,0:59:27,0
3567,3542,1,0.835071266,0:59:28,0
3568,3543,0,,0:59:29,
3569,3544,1,0.850039005,0:59:30,0
3570,3545,1,0.83382386,0:59:31,0
3571,3546,1,0.843042374,0:59:32,0
3572,3547,1,0.860574543,0:59:33,0
3573,3548,1,0.82652092,0:59:34,0
3574,3549,1,0.825658202,0:59:35,0
3575,3550,1,0.839021206,0:59:36,0
3576,3551,1,0.82466501,0:59:37,0
3577,3552,1,0.819529235,0:59:38,0
3578,3553,1,0.834215283,0:59:39,0
3579,3554,1,0.841207743,0:59:40,0
3580,3555,1,0.923881769,0:59:41,1
3581,3556,1,0.925364614,0:59:42,1
3582,3557,1,0.923322737,0:59:43,1
3583,3558,1,0.922800004,0:59:44,1
3584,3559,1,0.921272814,0:59:45,1
3585,3560,1,0.919491589,0:59:46,1
3586,3561,1,0.917605102,0:59:47,1
3587,3562,1,0.919733107,0:59:48,1
3588,3563,1,0.829728067,0:59:49,0
3589,3564,1,0.841020525,0:59:50,0
3590,3565,1,0.847243786,0:59:51,0
3591,3566,1,0.836898804,0:59:52,0
3592,3567,1,0.83407563,0:59:53,0
3593,3568,1,0.841147482,0:59:54,0
3594,3569,1,0.830054939,0:59:55,0
3595,3570,0,,0:59:56,
3596,3571,1,0.877732515,0:59:57,0
3597,3572,0,,0:59:58,
3598,3573,0,,0:59:59,
3599,3574,0,,1:00:00,
,3575,1,0.811447918,,0
,3576,0,,,
,3577,0,,,
,3578,0,,,
,3579,0,,,
,3580,0,,,
,3581,0,,,
,3582,0,,,
,3583,0,,,
,3584,0,,,
,3585,0,,,
,3586,0,,,
,3587,0,,,
,3588,0,,,
,3589,0,,,
,3590,0,,,
,3591,0,,,
,3592,0,,,
,3593,0,,,
,3594,0,,,
,3595,0,,,
,3596,0,,,
,3597,0,,,
,3598,0,,,
,3599,0,,,
,3600,0,,,
